Date,Ticker,Close,High,Low,Open,Volume
2024-08-08,HDFCBANK.NS,1624.8251953125,1635.3099498365148,1601.6304107349945,1606.3287244302185,16988475
2024-08-08,INFY.NS,1699.6119384765625,1735.4927255440239,1683.9627664492825,1735.4927255440239,6227910
2024-08-08,RELIANCE.NS,1444.223388671875,1460.0446920757677,1441.0342612156307,1452.5950003162839,12387192
2024-08-08,TCS.NS,4101.9951171875,4160.440054288972,4089.6575202840554,4110.30242603549,2441283
2024-08-09,HDFCBANK.NS,1632.2435302734375,1644.45924206239,1627.8915048541417,1634.0239921209834,13322309
2024-08-09,INFY.NS,1726.5225830078125,1736.2728164287234,1712.140988711969,1727.010094678858,4258524
2024-08-09,RELIANCE.NS,1469.313232421875,1471.505742264147,1451.075083465356,1455.0615534748763,6249776
2024-08-09,TCS.NS,4157.2451171875,4181.72398149421,4134.437219184381,4145.693800574564,1302536
2024-08-12,HDFCBANK.NS,1642.0357666015625,1657.7132722907515,1629.4245044293668,1634.023930075865,19658098
2024-08-12,INFY.NS,1752.507080078125,1758.4546990040476,1723.9388468966088,1728.7652841315069,4315329
2024-08-12,RELIANCE.NS,1455.6844482421875,1468.0175899089377,1452.8191729054677,1465.027737383665,8184584
2024-08-12,TCS.NS,4124.70458984375,4167.321669660878,4115.562037921638,4158.473852952468,936912
2024-08-13,HDFCBANK.NS,1585.7550048828125,1614.6373425181755,1583.727384052692,1610.2851962178304,27027521
2024-08-13,INFY.NS,1752.5556640625,1764.7922546522138,1744.365563180685,1764.7922546522138,4176918
2024-08-13,RELIANCE.NS,1458.67431640625,1465.1024507415398,1453.0683428612606,1455.809041038811,6265064
2024-08-13,TCS.NS,4125.982421875,4162.4057377974195,4112.26811554242,4141.760834515949,1495593
2024-08-14,HDFCBANK.NS,1590.304931640625,1596.1406347806408,1585.7548894919792,1589.0190291652223,16167214
2024-08-14,INFY.NS,1777.71142578125,1779.4177167425098,1752.5557742866815,1756.9921783945222,7450718
2024-08-14,RELIANCE.NS,1456.9052734375,1467.020965431434,1448.782816450946,1458.5995961882188,6267466
2024-08-14,TCS.NS,4222.62060546875,4233.385641348028,4117.33148860454,4137.829027045683,3226545
2024-08-16,HDFCBANK.NS,1614.3404541015625,1616.3681955424247,1593.4700756453008,1610.7796512652837,13924623
2024-08-16,INFY.NS,1812.5196533203125,1815.3472449089315,1783.805262567244,1803.7932417323866,7335657
2024-08-16,RELIANCE.NS,1473.199951171875,1475.392582683191,1453.1182057182932,1463.682326968092,9416902
2024-08-16,TCS.NS,4341.3779296875,4352.142965943431,4251.966109558593,4276.444974441816,3457058
2024-08-19,HDFCBANK.NS,1613.7965087890625,1619.8301081330453,1606.0318311437713,1619.8301081330453,9751082
2024-08-19,INFY.NS,1818.2236328125,1820.9049470871198,1803.0131729829857,1813.5434730155098,2585989
2024-08-19,RELIANCE.NS,1488.4000244140625,1498.300048828125,1480.5,1482.5,13797742
2024-08-19,TCS.NS,4414.07763671875,4418.255772566424,4316.112735730609,4346.244372368284,2055210
2024-08-20,HDFCBANK.NS,1619.8795166015625,1628.089249449055,1609.7410507407772,1609.7410507407772,15567247
2024-08-20,INFY.NS,1825.438720703125,1838.6015363062697,1821.538627191082,1833.043950660172,3870333
2024-08-20,RELIANCE.NS,1495.949951171875,1503.925048828125,1490.0250244140625,1497.2249755859375,8411808
2024-08-20,TCS.NS,4446.81396484375,4487.809038984132,4423.908143576909,4428.823597069772,2212298
2024-08-21,HDFCBANK.NS,1608.109130859375,1616.7639189467304,1600.196181750936,1610.3840312828386,23815452
2024-08-21,INFY.NS,1825.9261474609375,1832.0688420652468,1820.4660406023306,1828.2662272635982,1966902
2024-08-21,RELIANCE.NS,1498.675048828125,1507.875,1490.0,1493.25,7769996
2024-08-21,TCS.NS,4474.53759765625,4482.893869122817,4416.584205298795,4441.60405717037,1896990
2024-08-22,HDFCBANK.NS,1613.54931640625,1620.4731470178888,1610.2851765353823,1614.2416511706044,10650319
2024-08-22,INFY.NS,1833.2877197265625,1846.3530568904166,1823.001175405798,1836.9440574204725,4300287
2024-08-22,RELIANCE.NS,1498.125,1506.5,1490.6500244140625,1503.0,10445782
2024-08-22,TCS.NS,4425.87451171875,4483.827902854787,4421.155868176405,4482.893774641826,1829872
2024-08-23,HDFCBANK.NS,1607.3673095703125,1616.2198731859971,1605.3395680421502,1616.2198731859971,10166711
2024-08-23,INFY.NS,1815.5909423828125,1835.5789209053598,1810.6183471400204,1831.2887943938006,5015935
2024-08-23,RELIANCE.NS,1499.9749755859375,1511.324951171875,1498.425048828125,1503.75,9249654
2024-08-23,TCS.NS,4388.41845703125,4429.806671292171,4379.669045851447,4423.908127122674,1809253
2024-08-26,HDFCBANK.NS,1622.1051025390625,1630.0180518403747,1614.4394329034162,1614.4394329034162,11182133
2024-08-26,INFY.NS,1829.2901611328125,1841.575432070603,1817.4436031129605,1823.2937434663284,3728589
2024-08-26,RELIANCE.NS,1512.5999755859375,1523.0,1503.0,1506.9749755859375,8816114
2024-08-26,TCS.NS,4426.3173828125,4475.176707760089,4409.162256271487,4413.094619487783,1844164
2024-08-27,HDFCBANK.NS,1619.9290771484375,1629.4740963171337,1614.4394203166419,1625.5176216973236,17886622
2024-08-27,INFY.NS,1852.641845703125,1855.2256813879358,1827.0962815117323,1829.2900840518048,3830679
2024-08-27,RELIANCE.NS,1500.449951171875,1513.4749755859375,1499.449951171875,1510.5,6251156
2024-08-27,TCS.NS,4421.1064453125,4433.739257383393,4410.931360102684,4428.823803661238,930697
2024-08-28,HDFCBANK.NS,1619.2861328125,1621.9073214077598,1612.4611899156803,1619.9290840893786,13460594
2024-08-28,INFY.NS,1890.6678466796875,1902.2706489166237,1850.009418604078,1859.2721408822472,6514531
2024-08-28,RELIANCE.NS,1498.300048828125,1507.4749755859375,1493.0,1505.0,9610286
2024-08-28,TCS.NS,4429.85595703125,4485.351622818282,4381.930282157301,4422.679586444656,1848058
2024-08-29,HDFCBANK.NS,1620.7203369140625,1626.5066565991772,1613.4008350959098,1624.1327478011253,24526302
2024-08-29,INFY.NS,1885.0614013671875,1901.7830759029405,1872.9224080657316,1884.7201669932756,7228284
2024-08-29,RELIANCE.NS,1520.925048828125,1537.0,1494.0,1503.0999755859375,38335358
2024-08-29,TCS.NS,4435.5087890625,4478.961593547129,4384.584878669929,4384.584878669929,2133641
2024-08-30,HDFCBANK.NS,1619.08837890625,1643.915233433648,1603.5097598168518,1637.9805213995915,222671050
2024-08-30,INFY.NS,1895.15283203125,1901.295526726158,1879.8450130912988,1889.5952465616892,13466759
2024-08-30,RELIANCE.NS,1509.625,1539.7249755859375,1503.324951171875,1534.0,41620730
2024-08-30,TCS.NS,4476.7490234375,4514.5980132595905,4411.91400340769,4423.9079012832835,3637222
2024-09-02,HDFCBANK.NS,1609.2464599609375,1628.8805607888028,1605.5372652063559,1628.8805607888028,17024840
2024-09-02,INFY.NS,1915.4334716796875,1926.4024849433151,1894.2755114819659,1894.8117029397854,5573739
2024-09-02,RELIANCE.NS,1516.25,1526.800048828125,1506.625,1510.875,11240852
2024-09-02,TCS.NS,4444.60205078125,4510.42016565307,4435.705271888983,4498.623077164004,1216500
2024-09-03,HDFCBANK.NS,1619.5333251953125,1622.1050094222066,1606.922062970295,1616.2198020140054,18641430
2024-09-03,INFY.NS,1892.76416015625,1917.8710125060368,1888.0840002650073,1917.8710125060368,4694322
2024-09-03,RELIANCE.NS,1509.125,1523.0,1507.5,1521.25,10923800
2024-09-03,TCS.NS,4436.04931640625,4478.862723418696,4419.877282744973,4444.601917289093,1717263
2024-09-04,HDFCBANK.NS,1623.93505859375,1626.902414563351,1614.2416474629108,1621.1654780586464,12341372
2024-09-04,INFY.NS,1874.43359375,1879.0649546678148,1852.5931659020603,1873.1173360302705,4778310
2024-09-04,RELIANCE.NS,1514.550048828125,1517.5,1499.5,1500.699951171875,11983304
2024-09-04,TCS.NS,4403.5087890625,4411.127741591436,4361.678473961914,4401.247872579934,1265505
2024-09-05,HDFCBANK.NS,1627.545166015625,1631.9468162685419,1624.1327551131992,1628.0892295470924,11438159
2024-09-05,INFY.NS,1884.866455078125,1891.5453413709522,1861.9046070627135,1878.1387700081425,4081810
2024-09-05,RELIANCE.NS,1492.9749755859375,1525.7750244140625,1487.050048828125,1519.050048828125,16264168
2024-09-05,TCS.NS,4400.26513671875,4422.925185992935,4378.833470829995,4405.229552886051,1688793
2024-09-06,HDFCBANK.NS,1619.1376953125,1629.8202248280263,1616.3187313615201,1620.473102058456,13014801
2024-09-06,INFY.NS,1854.34814453125,1888.1327275977371,1849.473027754597,1873.994888945443,5848106
2024-09-06,RELIANCE.NS,1464.824951171875,1497.0,1461.625,1492.5,19394228
2024-09-06,TCS.NS,4381.3896484375,4442.5380843769135,4364.922878569025,4398.299001148173,1649179
2024-09-09,HDFCBANK.NS,1628.5838623046875,1630.5620996108578,1612.3622922456864,1620.1763537534637,11896457
2024-09-09,INFY.NS,1847.3280029296875,1872.8735669396758,1841.8190972305667,1842.7941205747861,4772612
2024-09-09,RELIANCE.NS,1462.449951171875,1469.925048828125,1455.5999755859375,1466.5,9010298
2024-09-09,TCS.NS,4374.3115234375,4414.323511430997,4355.583835509166,4379.669560364144,1184938
2024-09-10,HDFCBANK.NS,1632.3919677734375,1636.0022750560352,1620.1763763856018,1636.0022750560352,13303323
2024-09-10,INFY.NS,1864.5372314453125,1886.670214257235,1848.644302962128,1857.3220347286262,6909600
2024-09-10,RELIANCE.NS,1461.5250244140625,1472.050048828125,1457.574951171875,1460.5,10768260
2024-09-10,TCS.NS,4431.62548828125,4463.182795615785,4365.365271401029,4367.33145279228,1385591
2024-09-11,HDFCBANK.NS,1626.01220703125,1634.5186034514882,1621.3632768334044,1632.441478391271,11113342
2024-09-11,INFY.NS,1862.4407958984375,1877.894891528596,1857.4194020571003,1866.877080537755,5312946
2024-09-11,RELIANCE.NS,1451.5,1468.75,1447.550048828125,1463.050048828125,9760202
2024-09-11,TCS.NS,4403.60791015625,4472.42426676839,4395.644778600455,4444.99612920937,1325919
2024-09-12,HDFCBANK.NS,1648.465087890625,1651.8281153877226,1629.1278910808494,1636.0022172762235,16212023
2024-09-12,INFY.NS,1901.7342529296875,1907.5357132980039,1863.074672166222,1876.9199561824864,8555092
2024-09-12,RELIANCE.NS,1479.800048828125,1486.0,1445.875,1457.0,22349376
2024-09-12,TCS.NS,4441.3095703125,4455.957527462176,4356.370139812065,4433.985351725256,2742216
2024-09-13,HDFCBANK.NS,1647.8221435546875,1655.7845968722977,1639.019084286797,1655.7845968722977,11930266
2024-09-13,INFY.NS,1895.54296875,1909.6808080545816,1887.3040686258946,1901.7343435377243,3843127
2024-09-13,RELIANCE.NS,1472.625,1483.1500244140625,1469.5,1476.4000244140625,8711328
2024-09-13,TCS.NS,4446.1259765625,4470.113292994115,4428.823484701669,4453.400751542411,1458786
2024-09-16,HDFCBANK.NS,1652.7677001953125,1659.5432592965851,1645.9428783505564,1648.8607299658063,7586410
2024-09-16,INFY.NS,1901.5394287109375,1903.2457196993976,1884.7690734614962,1897.1518233120405,1570181
2024-09-16,RELIANCE.NS,1471.3499755859375,1480.9000244140625,1464.75,1477.550048828125,5481774
2024-09-16,TCS.NS,4436.93408203125,4469.179264837861,4418.452168963395,4450.4515790960995,1155120
2024-09-17,HDFCBANK.NS,1650.6412353515625,1659.741078546187,1646.0418095254229,1659.741078546187,10063561
2024-09-17,INFY.NS,1903.7818603515625,1909.534402810906,1893.6415938633418,1899.1017007350288,2793127
2024-09-17,RELIANCE.NS,1472.300048828125,1477.4749755859375,1466.625,1474.0,5935328
2024-09-17,TCS.NS,4429.46240234375,4459.102490180248,4390.482953097841,4436.933987476228,1699364
2024-09-18,HDFCBANK.NS,1676.3582763671875,1680.413638538756,1652.9160927553091,1653.6579317162796,20458671
2024-09-18,INFY.NS,1844.8905029296875,1890.3265684033404,1834.3115231145357,1890.3265684033404,6385468
2024-09-18,RELIANCE.NS,1463.449951171875,1482.0,1460.550048828125,1470.0,8574714
2024-09-18,TCS.NS,4272.65966796875,4421.007962696659,4247.935032184893,4421.007962696659,2961779
2024-09-19,HDFCBANK.NS,1689.9091796875,1700.2949253045435,1680.6609446435846,1680.710328129882,15325888
2024-09-19,INFY.NS,1846.88916015625,1876.8224480606875,1831.873895960651,1862.8795667117413,7976570
2024-09-19,RELIANCE.NS,1469.675048828125,1476.5,1455.550048828125,1466.25,16955902
2024-09-19,TCS.NS,4223.50537109375,4347.424252297365,4209.397922353699,4315.8174996062235,2927551
2024-09-20,HDFCBANK.NS,1722.2532958984375,1725.962490730009,1688.9695508700852,1697.8221142379614,30311693
2024-09-20,INFY.NS,1858.15087890625,1867.1698455230062,1820.7587546291713,1857.4196113427292,15242974
2024-09-20,RELIANCE.NS,1485.925048828125,1495.0,1471.375,1474.0,30897320
2024-09-20,TCS.NS,4212.44482421875,4257.470661802116,4156.015519672725,4243.903723480614,5447908
2024-09-23,HDFCBANK.NS,1740.6510009765625,1747.1296555117192,1721.313683600945,1729.968471551819,13482675
2024-09-23,INFY.NS,1849.0830078125,1870.9723537088278,1831.5325872912213,1861.3195986178432,3636672
2024-09-23,RELIANCE.NS,1493.375,1501.5,1488.949951171875,1491.0,8832314
2024-09-23,TCS.NS,4196.32275390625,4236.531068498641,4181.084847689653,4227.290111701271,1702319
2024-09-24,HDFCBANK.NS,1748.811279296875,1762.263268802836,1735.1613936154893,1745.7944191143442,16519518
2024-09-24,INFY.NS,1851.1793212890625,1863.172156185441,1824.6587335944862,1840.8440975119734,7277616
2024-09-24,RELIANCE.NS,1489.375,1500.5,1487.875,1488.5,17137444
2024-09-24,TCS.NS,4199.07470703125,4218.441783949969,4168.3041631199885,4179.757072657581,3012026
2024-09-25,HDFCBANK.NS,1759.740966796875,1768.5441469339328,1740.9972166684056,1740.9972166684056,15982656
2024-09-25,INFY.NS,1847.9617919921875,1854.1043676482084,1829.9238601233028,1839.235261648182,4268341
2024-09-25,RELIANCE.NS,1493.949951171875,1496.5,1480.199951171875,1483.9000244140625,7069002
2024-09-25,TCS.NS,4202.46728515625,4217.066279151633,4168.3048807678815,4180.4461478288495,2713073
2024-09-26,HDFCBANK.NS,1764.0435791015625,1768.5441171820273,1748.81124873511,1753.7568419039637,15949822
2024-09-26,INFY.NS,1852.7882080078125,1870.0460745062019,1845.7192883877328,1850.399448296488,8952803
2024-09-26,RELIANCE.NS,1497.949951171875,1504.0,1488.050048828125,1490.6500244140625,18818998
2024-09-26,TCS.NS,4219.9169921875,4243.805905107155,4187.96654320763,4187.96654320763,3964251
2024-09-27,HDFCBANK.NS,1733.578857421875,1758.8507669411922,1730.9576688035675,1757.6638728365367,17806751
2024-09-27,INFY.NS,1859.1258544921875,1925.2811678990213,1855.7620713951017,1883.8426736989857,14908931
2024-09-27,RELIANCE.NS,1526.175048828125,1533.4749755859375,1492.0,1499.0,20597478
2024-09-27,TCS.NS,4235.84326171875,4303.971257963029,4227.339142801401,4261.698356160286,3012477
2024-09-30,HDFCBANK.NS,1713.2030029296875,1732.3918081113518,1705.6362211224732,1729.7707402872122,13191767
2024-09-30,INFY.NS,1828.75390625,1853.7632808251788,1823.7813106027597,1833.044033110499,6986955
2024-09-30,RELIANCE.NS,1476.574951171875,1524.9749755859375,1474.4000244140625,1519.4000244140625,27008814
2024-09-30,TCS.NS,4196.32275390625,4226.061248296706,4188.015445281488,4214.411527216484,2503416
2024-10-01,HDFCBANK.NS,1707.41650390625,1723.0446263108133,1701.3829045067225,1705.2404912513446,12286142
2024-10-01,INFY.NS,1856.7857666015625,1861.2708503856265,1828.1688539454187,1828.1688539454187,4029072
2024-10-01,RELIANCE.NS,1464.824951171875,1487.949951171875,1462.824951171875,1480.6500244140625,16431642
2024-10-01,TCS.NS,4215.39453125,4223.111889276909,4171.204892145493,4183.591450988956,1823365
2024-10-03,HDFCBANK.NS,1663.697509765625,1707.3671207488399,1655.141609600888,1696.9813752954872,24236699
2024-10-03,INFY.NS,1846.1092529296875,1864.0983863063177,1834.0189394659815,1842.3066380228454,7503887
2024-10-03,RELIANCE.NS,1406.9749755859375,1449.4000244140625,1402.074951171875,1436.574951171875,37757294
2024-10-03,TCS.NS,4161.17724609375,4206.645191904827,4138.811932208301,4190.522600097852,3350119
2024-10-04,HDFCBANK.NS,1639.612548828125,1672.2534641687764,1635.0131229726287,1656.2791738763865,24341616
2024-10-04,INFY.NS,1870.2410888671875,1905.2931311832979,1838.8940639202572,1842.355444469921,10001483
2024-10-04,RELIANCE.NS,1386.5250244140625,1417.3499755859375,1381.7750244140625,1403.925048828125,37072876
2024-10-04,TCS.NS,4180.34716796875,4225.323564684505,4152.62381995046,4153.557948067016,2965463
2024-10-07,HDFCBANK.NS,1600.1961669921875,1640.9478062279852,1595.4483492741049,1634.2217512510383,47229148
2024-10-07,INFY.NS,1885.9876708984375,1893.4953029152355,1868.1934951630085,1875.164816740863,6112575
2024-10-07,RELIANCE.NS,1370.7249755859375,1396.5,1361.375,1393.5,22181340
2024-10-07,TCS.NS,4200.59912109375,4224.586437755327,4157.883638905139,4201.631174301058,1472619
2024-10-08,HDFCBANK.NS,1633.0843505859375,1638.7717826674386,1604.350406294763,1612.263355277721,14867203
2024-10-08,INFY.NS,1899.8818359375,1909.0469604018253,1858.7357782951613,1889.4978132388082,5637391
2024-10-08,RELIANCE.NS,1397.3499755859375,1401.0,1365.0999755859375,1372.9749755859375,17020808
2024-10-08,TCS.NS,4181.33056640625,4207.038292492998,4132.864386365645,4200.353467668349,1541867
2024-10-09,HDFCBANK.NS,1615.379150390625,1638.722326425496,1610.9774999447513,1631.5512161997017,20562821
2024-10-09,INFY.NS,1903.976806640625,1927.6211223804971,1896.5178543658283,1903.7818495832903,4857163
2024-10-09,RELIANCE.NS,1374.5999755859375,1400.9749755859375,1372.5,1397.5250244140625,14310610
2024-10-09,TCS.NS,4181.0361328125,4222.3749081806955,4174.891815425741,4187.9667308148455,1082504
2024-10-10,HDFCBANK.NS,1644.310791015625,1647.3275303118398,1614.7361206152186,1621.165391539567,10877383
2024-10-10,INFY.NS,1871.0699462890625,1914.9460002666592,1866.2923077183304,1908.9983811984232,4782119
2024-10-10,RELIANCE.NS,1371.050048828125,1386.0,1369.425048828125,1380.0250244140625,22358646
2024-10-10,TCS.NS,4155.9169921875,4221.243552771533,4127.604175695712,4181.32997950383,2378875
2024-10-11,HDFCBANK.NS,1633.034912109375,1646.3385098258125,1625.369242473489,1646.3385098258125,11836297
2024-10-11,INFY.NS,1886.7677001953125,1898.3705021069761,1862.3921159361064,1870.094824366297,4709431
2024-10-11,RELIANCE.NS,1372.0999755859375,1383.2750244140625,1368.824951171875,1370.0,7980122
2024-10-11,TCS.NS,4079.040283203125,4170.221949176848,4042.9116985720275,4072.944928615996,5759183
2024-10-14,HDFCBANK.NS,1669.731201171875,1673.6382923600645,1636.0022787037162,1638.0300202721965,9263754
2024-10-14,INFY.NS,1909.9732666015625,1920.3084903207136,1882.8675698277727,1883.8913919551653,3751378
2024-10-14,RELIANCE.NS,1372.5250244140625,1380.074951171875,1368.25,1379.449951171875,12221432
2024-10-14,TCS.NS,4066.7021484375,4094.966006759505,4052.4967754870404,4069.99559836867,2137590
2024-10-15,HDFCBANK.NS,1665.774658203125,1679.5234312884604,1657.2682621459455,1675.5669567742357,9825565
2024-10-15,INFY.NS,1910.3634033203125,1941.71031054596,1903.001929010567,1911.0458720946388,5353705
2024-10-15,RELIANCE.NS,1344.0250244140625,1371.699951171875,1340.699951171875,1358.5250244140625,33762794
2024-10-15,TCS.NS,4047.18798828125,4099.439647996407,4025.756800984343,4061.197032094199,2759474
2024-10-16,HDFCBANK.NS,1681.303955078125,1689.3651756043241,1661.8182449322444,1661.8182449322444,10235341
2024-10-16,INFY.NS,1872.1424560546875,1910.6072016149433,1868.4861182079758,1906.170797419034,3111512
2024-10-16,RELIANCE.NS,1354.074951171875,1364.0,1337.625,1340.0,20034438
2024-10-16,TCS.NS,4025.707275390625,4045.41829222887,3998.4265080493487,4015.925570778842,2359151
2024-10-17,HDFCBANK.NS,1654.94384765625,1679.1772539114825,1647.080282160871,1676.5065611850819,7347866
2024-10-17,INFY.NS,1918.9434814453125,1928.596236666682,1881.9413919550382,1886.8651885882837,8162822
2024-10-17,RELIANCE.NS,1356.425048828125,1368.449951171875,1352.050048828125,1365.699951171875,15543660
2024-10-17,TCS.NS,4039.52001953125,4060.1159634051687,4023.741364492149,4043.2555724895037,2522659
2024-10-18,HDFCBANK.NS,1663.5491943359375,1672.5996542242308,1636.1011515182424,1645.0032194591165,12404862
2024-10-18,INFY.NS,1832.6539306640625,1888.474019455993,1822.5624624334712,1846.4993341440768,10526196
2024-10-18,RELIANCE.NS,1359.300048828125,1368.425048828125,1341.324951171875,1352.175048828125,12082452
2024-10-18,TCS.NS,4063.220458984375,4085.985352412221,4020.7953476110742,4030.6502381689447,2361000
2024-10-21,HDFCBANK.NS,1709.8892822265625,1729.1277115171938,1692.4314354617347,1696.3384056502448,23274177
2024-10-21,INFY.NS,1806.474609375,1851.3744846784607,1792.0930141849954,1843.86673306473,4654601
2024-10-21,RELIANCE.NS,1369.199951171875,1374.0,1357.7249755859375,1367.125,14067408
2024-10-21,TCS.NS,4020.647705078125,4079.875694816127,4010.940541435238,4072.63225386454,1595450
2024-10-22,HDFCBANK.NS,1695.8934326171875,1721.066454006858,1692.0852292144161,1711.2247717189728,19437640
2024-10-22,INFY.NS,1805.3531494140625,1830.8988317246783,1800.8192671870856,1811.7882795000614,4125240
2024-10-22,RELIANCE.NS,1343.3499755859375,1376.0,1340.2249755859375,1369.199951171875,15831960
2024-10-22,TCS.NS,3957.231201171875,4030.453084242788,3948.214072783788,4006.998397202053,1928049
2024-10-23,HDFCBANK.NS,1716.9122314453125,1727.4957528913812,1686.4968324178806,1686.4968324178806,19018045
2024-10-23,INFY.NS,1826.60888671875,1838.894157924995,1797.9431745565698,1799.1619538234872,4311910
2024-10-23,RELIANCE.NS,1338.5250244140625,1357.4749755859375,1335.0,1337.5,17214742
2024-10-23,TCS.NS,4007.244873046875,4053.8583129067224,3937.176504942076,3941.562123718608,1966476
2024-10-24,HDFCBANK.NS,1730.6114501953125,1749.4047043289343,1719.1870816225392,1719.1870816225392,15416129
2024-10-24,INFY.NS,1816.809814453125,1836.944071310787,1813.543509892815,1814.9085664464787,2906475
2024-10-24,RELIANCE.NS,1339.800048828125,1343.699951171875,1323.125,1335.2750244140625,22155934
2024-10-24,TCS.NS,3989.1611328125,4019.809939302293,3945.8982586335824,3945.8982586335824,2676744
2024-10-25,HDFCBANK.NS,1724.429443359375,1738.7221592633232,1709.889327055954,1735.9031953167685,13065239
2024-10-25,INFY.NS,1815.5423583984375,1829.4851215197311,1800.2832184781212,1816.9072959329033,4689120
2024-10-25,RELIANCE.NS,1327.8499755859375,1344.3499755859375,1322.0,1343.5,18597496
2024-10-25,TCS.NS,3998.671142578125,4032.62119222791,3974.1816434487196,3998.1783980531704,1759676
2024-10-28,HDFCBANK.NS,1715.3294677734375,1731.9467089372617,1710.0872115165546,1723.0446413299314,11006071
2024-10-28,INFY.NS,1818.7598876953125,1834.896572683092,1810.6184660544925,1813.2509816437453,7018940
2024-10-28,RELIANCE.NS,1334.3499755859375,1353.0,1322.0999755859375,1337.0,10824350
2024-10-28,TCS.NS,4031.488037109375,4074.0117940177324,3992.2162016366315,4009.9056822307925,1532534
2024-10-29,HDFCBANK.NS,1732.7874755859375,1744.8052912814335,1706.3285518094192,1707.3671746843718,17897463
2024-10-29,INFY.NS,1813.7799072265625,1825.9091734808057,1803.6227707551052,1820.3868971098545,4621252
2024-10-29,RELIANCE.NS,1340.0,1343.199951171875,1320.300048828125,1328.0999755859375,12008361
2024-10-29,TCS.NS,4016.1142578125,4043.9543235221386,4001.184194918886,4036.415428516039,1445885
2024-10-30,HDFCBANK.NS,1715.7252197265625,1735.6559850626077,1705.4383614167948,1723.044722028245,16357862
2024-10-30,INFY.NS,1777.0960693359375,1813.4841106394226,1771.4258498491638,1806.5812347424808,5919715
2024-10-30,RELIANCE.NS,1343.9000244140625,1350.0,1325.3499755859375,1335.0,11984423
2024-10-30,TCS.NS,4025.3779296875,4047.40370716728,4001.1350423451786,4015.8680561740116,1935002
2024-10-31,HDFCBANK.NS,1716.8131103515625,1719.9783623253056,1700.6905495733076,1709.1969454078367,11447956
2024-10-31,INFY.NS,1732.868408203125,1763.0931679230187,1722.2675629117984,1763.0931679230187,7395236
2024-10-31,RELIANCE.NS,1332.050048828125,1343.0,1326.1500244140625,1340.0,9331650
2024-10-31,TCS.NS,3910.864013671875,4019.120083197284,3902.536679230978,4010.940475876283,3740372
2024-11-01,HDFCBANK.NS,1718.3958740234375,1725.121808378973,1707.3176727299317,1714.1426155438019,879846
2024-11-01,INFY.NS,1736.4183349609375,1741.4969032331146,1727.7405064233335,1740.017715602962,371966
2024-11-01,RELIANCE.NS,1338.6500244140625,1341.949951171875,1333.0,1333.050048828125,2127335
2024-11-01,TCS.NS,3926.385498046875,3940.921461805209,3918.3538583788945,3931.9536556418684,154895
2024-11-04,HDFCBANK.NS,1695.4482421875,1726.0120324112672,1692.2831108260189,1726.0120324112672,14044624
2024-11-04,INFY.NS,1739.1795654296875,1742.4830604559677,1694.1629303131592,1700.5727434953685,7336722
2024-11-04,RELIANCE.NS,1302.1500244140625,1340.0,1285.0999755859375,1337.8499755859375,19796890
2024-11-04,TCS.NS,3906.62646484375,3933.9737869859623,3856.4651665950405,3908.7454107378453,2269192
2024-11-05,HDFCBANK.NS,1738.72216796875,1743.5193691989437,1679.4245541115502,1684.4690350004344,22116203
2024-11-05,INFY.NS,1729.860595703125,1743.9128783247852,1720.7882929682014,1735.5801694120541,3160880
2024-11-05,RELIANCE.NS,1305.300048828125,1309.550048828125,1286.1500244140625,1293.0,16267479
2024-11-05,TCS.NS,3913.72216796875,3928.159486802753,3883.911123193089,3883.911123193089,967590
2024-11-06,HDFCBANK.NS,1736.1505126953125,1752.2236907789468,1726.3582138990325,1752.2236907789468,13893955
2024-11-06,INFY.NS,1798.3963623046875,1801.8478002805573,1738.1934949801216,1739.5247398383508,10421494
2024-11-06,RELIANCE.NS,1325.3499755859375,1328.300048828125,1300.199951171875,1310.0,21625209
2024-11-06,TCS.NS,4079.57958984375,4089.5822073155864,3917.5652886357793,3945.5039990332534,3792017
2024-11-07,HDFCBANK.NS,1727.545166015625,1741.788377483704,1719.088153557187,1725.3196491309855,9447728
2024-11-07,INFY.NS,1778.032958984375,1800.3685968171349,1762.2056025400752,1787.7955014436675,4550965
2024-11-07,RELIANCE.NS,1305.6500244140625,1324.0,1302.5999755859375,1324.0,9611974
2024-11-07,TCS.NS,4090.66650390625,4144.769757867758,4025.7721926964314,4109.193987227991,3724349
2024-11-08,HDFCBANK.NS,1735.359130859375,1742.6292493782655,1726.8527347958932,1732.9358385144249,9951493
2024-11-08,INFY.NS,1804.5595703125,1815.0618266546207,1787.9927409344914,1792.775423572222,4210960
2024-11-08,RELIANCE.NS,1283.75,1301.6500244140625,1275.0,1297.6500244140625,19814406
2024-11-08,TCS.NS,4086.823486328125,4109.2433643879185,4057.899283668953,4094.707399492009,1648039
2024-11-11,HDFCBANK.NS,1747.080322265625,1763.4007800137342,1732.1445340358582,1735.4581781116683,12282681
2024-11-11,INFY.NS,1834.291259765625,1842.081672068644,1797.2623347827093,1803.6227934762044,3804234
2024-11-11,RELIANCE.NS,1272.699951171875,1286.0,1267.0,1278.949951171875,9056552
2024-11-11,TCS.NS,4137.77294921875,4172.855973445886,4057.898775266831,4068.295973166591,1406487
2024-11-12,HDFCBANK.NS,1699.5035400390625,1755.685525140361,1690.057529799715,1752.7181693232224,15697703
2024-11-12,INFY.NS,1842.87060546875,1854.9012833451236,1835.1787816614965,1845.1386209364089,5012450
2024-11-12,RELIANCE.NS,1274.25,1289.300048828125,1267.5,1275.550048828125,10671091
2024-11-12,TCS.NS,4136.4912109375,4156.792379489953,4103.92099370928,4154.821401595459,1587640
2024-11-13,HDFCBANK.NS,1663.0545654296875,1710.5817633557972,1654.795449111813,1698.0693886806364,17864250
2024-11-13,INFY.NS,1842.4761962890625,1847.2095246339784,1830.544106425298,1835.2774347702136,4257495
2024-11-13,RELIANCE.NS,1252.050048828125,1275.449951171875,1249.5,1270.25,14633633
2024-11-13,TCS.NS,4090.124267578125,4135.850859823102,4071.104041624794,4117.47158666077,1098813
2024-11-14,HDFCBANK.NS,1674.33056640625,1686.298877719973,1653.9052424815711,1654.8943611148047,13573235
2024-11-14,INFY.NS,1838.6795654296875,1849.9706494411498,1830.2481478479606,1839.714924537372,4311431
2024-11-14,RELIANCE.NS,1267.5999755859375,1272.5999755859375,1251.0999755859375,1253.5999755859375,12612633
2024-11-14,TCS.NS,4085.73876953125,4099.63426074071,4056.7164070519016,4074.997035616066,1825432
2024-11-18,HDFCBANK.NS,1686.546142578125,1700.196027893774,1676.5560686185365,1681.501661741305,13540984
2024-11-18,INFY.NS,1786.3162841796875,1823.5425071201328,1770.0945742542924,1823.5425071201328,4839244
2024-11-18,RELIANCE.NS,1260.75,1272.9000244140625,1243.9000244140625,1267.5999755859375,13620611
2024-11-18,TCS.NS,3961.17333984375,4151.865475994954,3932.2984618056635,4151.865475994954,3313944
2024-11-19,HDFCBANK.NS,1723.2919921875,1734.666856822401,1684.1723007332698,1695.3493899321998,25490636
2024-11-19,INFY.NS,1799.4317626953125,1833.8967865305349,1795.2900854570928,1800.1713565147516,4669769
2024-11-19,RELIANCE.NS,1241.6500244140625,1281.5,1235.1500244140625,1260.75,14183746
2024-11-19,TCS.NS,3980.9326171875,4072.188765211728,3955.851967238544,3961.5676116481195,1776233
2024-11-21,HDFCBANK.NS,1722.2532958984375,1739.8596556624375,1715.3294655461707,1730.3641410420184,17858256
2024-11-21,INFY.NS,1808.602783203125,1841.095557014798,1795.339328415918,1816.442429577535,5436504
2024-11-21,RELIANCE.NS,1223.0,1243.949951171875,1217.25,1241.6500244140625,19433843
2024-11-21,TCS.NS,4013.749267578125,4033.064709051959,3965.6080301184593,3986.204655506895,2384347
2024-11-22,HDFCBANK.NS,1726.60546875,1735.2108733378661,1710.7301870699723,1724.577847989185,12386806
2024-11-22,INFY.NS,1875.8564453125,1887.4927694808482,1808.553408176173,1828.374498334409,6301486
2024-11-22,RELIANCE.NS,1265.4000244140625,1268.8499755859375,1222.449951171875,1229.4000244140625,20471957
2024-11-22,TCS.NS,4183.0068359375,4193.206743644381,3995.1725304474053,4011.9258439692617,3096553
2024-11-25,HDFCBANK.NS,1766.170166015625,1783.9249175118237,1745.695459083716,1765.62622322529,213868637
2024-11-25,INFY.NS,1863.4805908203125,1892.6699906690035,1855.8874755481472,1889.4157296228746,12764638
2024-11-25,RELIANCE.NS,1287.0,1304.449951171875,1282.449951171875,1290.0,28923341
2024-11-25,TCS.NS,4252.48388671875,4265.295244341108,4190.496721846663,4217.89312489922,4052167
2024-11-26,HDFCBANK.NS,1766.120849609375,1790.3047522476238,1750.5422309088779,1790.3047522476238,15467783
2024-11-26,INFY.NS,1897.45263671875,1911.702096274213,1870.9752018384395,1878.518962558038,6850495
2024-11-26,RELIANCE.NS,1295.699951171875,1297.8499755859375,1284.199951171875,1294.949951171875,9247557
2024-11-26,TCS.NS,4289.53857421875,4303.236776393483,4247.45799740418,4258.347459420346,2060669
2024-11-27,HDFCBANK.NS,1792.5797119140625,1797.574688468061,1765.7251174035728,1770.4234308186708,16357488
2024-11-27,INFY.NS,1897.7977294921875,1914.4632675339492,1885.224634635848,1903.3200059027895,4447143
2024-11-27,RELIANCE.NS,1293.199951171875,1303.8499755859375,1286.0,1293.5,9572746
2024-11-27,TCS.NS,4269.6806640625,4313.879947019853,4261.304006601975,4295.697961602462,1558993
2024-11-28,HDFCBANK.NS,1773.6380615234375,1816.1206575705266,1768.5440765282106,1799.2067534702544,17861196
2024-11-28,INFY.NS,1830.88916015625,1888.3309462638708,1825.9585347392867,1888.3309462638708,8468790
2024-11-28,RELIANCE.NS,1270.800048828125,1296.5999755859375,1269.050048828125,1289.949951171875,15027412
2024-11-28,TCS.NS,4183.30224609375,4276.973266192127,4171.57502299117,4256.327078738215,2558544
2024-11-29,HDFCBANK.NS,1776.506591796875,1784.9634837718759,1763.4996574583167,1781.69946468648,13834768
2024-11-29,INFY.NS,1832.072509765625,1850.9568296791742,1819.4008261897052,1825.4161652795651,5244346
2024-11-29,RELIANCE.NS,1292.199951171875,1299.5,1275.25,1280.0,13202307
2024-11-29,TCS.NS,4208.8759765625,4236.32194265591,4134.767008032492,4158.76376247456,2017425
2024-12-02,HDFCBANK.NS,1785.0623779296875,1788.4749097146703,1755.6856023450055,1783.8754838474465,7555438
2024-12-02,INFY.NS,1853.718017578125,1856.6763928884145,1809.7367416638726,1833.2065672761437,2868263
2024-12-02,RELIANCE.NS,1309.1500244140625,1311.3499755859375,1277.050048828125,1288.0,11024152
2024-12-02,TCS.NS,4214.59130859375,4225.973994918185,4168.667426338619,4208.037903180413,1670944
2024-12-03,HDFCBANK.NS,1806.4273681640625,1817.4065606013933,1796.3382858833122,1802.8664445696695,21705121
2024-12-03,INFY.NS,1865.8472900390625,1873.391171179535,1845.1880172073568,1860.8180760709474,4715792
2024-12-03,RELIANCE.NS,1323.300048828125,1326.800048828125,1307.0,1317.0,16869482
2024-12-03,TCS.NS,4240.31298828125,4262.240119532022,4203.554439381881,4251.744757442165,2010905
2024-12-04,HDFCBANK.NS,1839.8594970703125,1844.7062023939066,1811.2245616892087,1818.0,22334542
2024-12-04,INFY.NS,1863.036865234375,1887.3941073159906,1848.9845824080737,1857.8597084036323,4705573
2024-12-04,RELIANCE.NS,1308.949951171875,1328.4000244140625,1304.050048828125,1326.0,19608540
2024-12-04,TCS.NS,4291.21337890625,4323.291335871028,4226.81157391255,4250.956055389001,3302642
2024-12-05,HDFCBANK.NS,1845.4481201171875,1859.493556641852,1815.2304970812227,1839.7606878831402,19841357
2024-12-05,INFY.NS,1908.004150390625,1922.845381488632,1862.7409836386182,1873.6377142854979,9050038
2024-12-05,RELIANCE.NS,1322.050048828125,1329.949951171875,1306.1500244140625,1314.3499755859375,16858723
2024-12-05,TCS.NS,4399.2724609375,4423.860606665184,4296.732511708666,4336.940274844479,3746747
2024-12-06,HDFCBANK.NS,1835.65576171875,1843.9148780245807,1823.934730252462,1836.7932722770183,8891578
2024-12-06,INFY.NS,1895.7269287109375,1911.061101890244,1885.8656776464575,1905.9826538933166,3573331
2024-12-06,RELIANCE.NS,1311.550048828125,1323.9000244140625,1310.0,1323.9000244140625,9037514
2024-12-06,TCS.NS,4380.99169921875,4400.208736252777,4348.7169318923725,4388.38286730876,1842087
2024-12-09,HDFCBANK.NS,1849.65185546875,1859.543041861631,1828.8803640437,1833.479789864794,13473956
2024-12-09,INFY.NS,1896.9595947265625,1903.4186419806354,1870.876513302606,1897.5018913119027,4274645
2024-12-09,RELIANCE.NS,1295.1500244140625,1315.0,1293.0999755859375,1303.0,14650002
2024-12-09,TCS.NS,4387.544921875,4404.544607771133,4351.47592686491,4366.160098479674,2066639
2024-12-10,HDFCBANK.NS,1847.7724609375,1857.2679754951744,1838.3264506073938,1857.2679754951744,6662740
2024-12-10,INFY.NS,1921.51416015625,1938.3275213087989,1905.193741189519,1912.096617063394,6174921
2024-12-10,RELIANCE.NS,1284.8499755859375,1294.9000244140625,1280.199951171875,1289.25,16043729
2024-12-10,TCS.NS,4368.2294921875,4428.590699209594,4348.076528927836,4361.922458223545,2087828
2024-12-11,HDFCBANK.NS,1842.826904296875,1851.5311965796843,1836.5460251144718,1841.442114059789,7022713
2024-12-11,INFY.NS,1946.7589111328125,1950.5554687332371,1924.9162158580782,1927.8745911898272,5025612
2024-12-11,RELIANCE.NS,1278.199951171875,1290.0,1276.050048828125,1285.0,11724373
2024-12-11,TCS.NS,4363.2041015625,4384.096182690506,4343.050656096367,4367.540157555417,1635256
2024-12-12,HDFCBANK.NS,1839.018798828125,1848.3165380277508,1828.5835490642544,1830.858570192744,8646895
2024-12-12,INFY.NS,1959.4305419921875,1971.0668661345264,1943.2088325103296,1947.7942178498488,6462130
2024-12-12,RELIANCE.NS,1262.9000244140625,1278.199951171875,1260.5999755859375,1270.0,20906813
2024-12-12,TCS.NS,4390.3046875,4419.918441323063,4361.774586688044,4365.765624909234,1914642
2024-12-13,HDFCBANK.NS,1851.3828125,1854.5974480766663,1809.3452703435958,1842.2334650894886,9504501
2024-12-13,INFY.NS,1971.954345703125,1978.6106902340612,1926.6912991940405,1942.419946638723,5362693
2024-12-13,RELIANCE.NS,1272.8499755859375,1275.199951171875,1239.5999755859375,1260.0,28630222
2024-12-13,TCS.NS,4408.97900390625,4429.6742722634,4330.632630839897,4370.594497266055,1967048
2024-12-16,HDFCBANK.NS,1844.904052734375,1849.6023663092722,1835.0623704900838,1844.8051650180448,6553541
2024-12-16,INFY.NS,1952.5770263671875,1971.8556995891386,1950.1609476784474,1967.7632564033934,3119221
2024-12-16,RELIANCE.NS,1268.300048828125,1281.0,1266.550048828125,1275.0,9486781
2024-12-16,TCS.NS,4351.13134765625,4410.063399035425,4333.195254873467,4394.295574591947,1646224
2024-12-17,HDFCBANK.NS,1813.3017578125,1842.0850862632194,1806.6252069518785,1836.1503743871115,10539766
2024-12-17,INFY.NS,1949.1749267578125,1954.5000265866995,1930.8330232375165,1940.6942746330094,5811050
2024-12-17,RELIANCE.NS,1245.300048828125,1263.9000244140625,1242.800048828125,1261.050048828125,17462791
2024-12-17,TCS.NS,4265.689453125,4368.623979293737,4255.341817856936,4346.0068125866355,3225027
2024-12-18,HDFCBANK.NS,1790.9970703125,1816.0218201616449,1787.485771591278,1809.938716386882,11711156
2024-12-18,INFY.NS,1951.6895751953125,1957.4090287235867,1934.3830310124576,1939.5109539146308,3064095
2024-12-18,RELIANCE.NS,1253.25,1259.949951171875,1240.6500244140625,1240.6500244140625,12670179
2024-12-18,TCS.NS,4284.7587890625,4298.703363293438,4227.354050201463,4249.133455090055,1575404
2024-12-19,HDFCBANK.NS,1773.9842529296875,1781.501530327013,1759.6420328753354,1780.0178523903558,12690385
2024-12-19,INFY.NS,1919.1966552734375,1932.5586987644317,1893.360225349003,1907.165976992173,5323592
2024-12-19,RELIANCE.NS,1230.449951171875,1244.9000244140625,1229.0,1239.0,14244653
2024-12-19,TCS.NS,4209.91064453125,4300.674283743088,4200.154399017653,4219.864180336366,3015763
2024-12-20,HDFCBANK.NS,1752.2236328125,1777.9902211232875,1747.8221032566314,1762.8071537344865,12846174
2024-12-20,INFY.NS,1895.4803466796875,1952.4783040802065,1884.7315592319012,1947.7449759219587,11056720
2024-12-20,RELIANCE.NS,1205.300048828125,1239.5,1201.5,1224.0,20312896
2024-12-20,TCS.NS,4109.78466796875,4318.412885998388,4092.2431558896187,4266.181967934054,4116989
2024-12-23,HDFCBANK.NS,1781.4027099609375,1786.3483032701017,1761.9171206196404,1762.6094553861137,5522296
2024-12-23,INFY.NS,1897.6005859375,1913.0827019209628,1882.5128236943906,1903.270805285977,2781793
2024-12-23,RELIANCE.NS,1222.300048828125,1227.199951171875,1213.199951171875,1215.0,10052824
2024-12-23,TCS.NS,4097.958984375,4155.807384938678,4055.1888552154614,4139.1031528173025,2195338
2024-12-24,HDFCBANK.NS,1778.5341796875,1789.0188129889934,1770.0772878688795,1782.4412707107397,7242917
2024-12-24,INFY.NS,1882.5621337890625,1915.0549070531515,1814.4701488042217,1900.312385244756,2360544
2024-12-24,RELIANCE.NS,1222.75,1233.550048828125,1221.0,1222.300048828125,6734917
2024-12-24,TCS.NS,4118.8515625,4156.792891643738,4097.959001765894,4097.959001765894,1181886
2024-12-26,HDFCBANK.NS,1771.26416015625,1792.282930729094,1761.3729740043236,1778.9793336515602,5240839
2024-12-26,INFY.NS,1880.93505859375,1893.1136796250162,1875.9058446088604,1882.5621891003143,3623321
2024-12-26,RELIANCE.NS,1216.550048828125,1227.699951171875,1214.25,1224.25,10016178
2024-12-26,TCS.NS,4108.6025390625,4139.004972823218,4083.028905459881,4118.851529054263,1208464
2024-12-27,HDFCBANK.NS,1778.6826171875,1786.2987825163511,1769.6321573670446,1775.2702061325524,3629665
2024-12-27,INFY.NS,1890.1552734375,1897.4526232065393,1877.4835900581845,1882.907278073787,3937500
2024-12-27,RELIANCE.NS,1221.050048828125,1227.9000244140625,1217.0,1218.300048828125,7000397
2024-12-27,TCS.NS,4104.4140625,4120.2805320435555,4087.0693594187683,4102.59081156437,858100
2024-12-30,HDFCBANK.NS,1758.5540771484375,1795.2503550228132,1751.7291342949875,1772.698401439767,11111109
2024-12-30,INFY.NS,1879.554443359375,1889.4156943738521,1860.325003881144,1889.1198086927782,7789055
2024-12-30,RELIANCE.NS,1210.699951171875,1223.199951171875,1208.0999755859375,1216.4000244140625,8818766
2024-12-30,TCS.NS,4098.45166015625,4138.363966598421,4052.330965190293,4090.765038060532,1527169
2024-12-31,HDFCBANK.NS,1753.5589599609375,1762.4116442502313,1746.3878498079112,1751.0367798695688,7058618
2024-12-31,INFY.NS,1853.9151611328125,1870.6792875898645,1819.4501375379239,1866.0445478376714,3613063
2024-12-31,RELIANCE.NS,1215.449951171875,1219.0999755859375,1206.1500244140625,1208.0,6405475
2024-12-31,TCS.NS,4035.380859375,4079.875837090253,3973.5414176669124,4074.997473513026,1555429
2025-01-01,HDFCBANK.NS,1763.3511962890625,1774.4787806156658,1741.9367543032404,1754.1523449489302,3656903
2025-01-01,INFY.NS,1856.3804931640625,1866.6854522663125,1847.998429848315,1847.998429848315,1838368
2025-01-01,RELIANCE.NS,1221.25,1226.300048828125,1211.5999755859375,1214.8499755859375,5892590
2025-01-01,TCS.NS,4052.774658203125,4074.0117548678522,4026.1662131104285,4034.9862920363385,763161
2025-01-02,HDFCBANK.NS,1774.2315673828125,1783.8259699312237,1753.7073555231925,1757.7627178145203,9279288
2025-01-02,INFY.NS,1930.68505859375,1935.4185073607873,1859.141752753138,1860.818117320804,7083645
2025-01-02,RELIANCE.NS,1241.800048828125,1244.449951171875,1220.0,1221.25,15486276
2025-01-02,TCS.NS,4115.15625,4122.301046219242,4037.499898743688,4060.2152307968627,1720835
2025-01-03,HDFCBANK.NS,1730.166259765625,1775.7152209862127,1727.297912331468,1771.5114668075794,12213097
2025-01-03,INFY.NS,1911.85009765625,1925.8530263652963,1895.3325017126049,1925.8530263652963,6218003
2025-01-03,RELIANCE.NS,1251.1500244140625,1262.050048828125,1235.5,1243.9000244140625,15521102
2025-01-03,TCS.NS,4040.406494140625,4119.295181980029,4032.9169216558203,4119.295181980029,1791953
2025-01-06,HDFCBANK.NS,1691.887451171875,1738.0792438395363,1687.238641812731,1721.165339069473,9408174
2025-01-06,INFY.NS,1910.9625244140625,1945.6248461798139,1901.2492161351652,1924.9162188256444,7164403
2025-01-06,RELIANCE.NS,1218.0,1262.0,1215.0,1253.949951171875,14816766
2025-01-06,TCS.NS,4035.57763671875,4089.434516754721,4007.3925538104386,4045.9252716846954,2085593
2025-01-07,HDFCBANK.NS,1694.755859375,1702.2731367018632,1681.5016457833628,1696.338425010863,6763953
2025-01-07,INFY.NS,1904.0596923828125,1931.375430841724,1896.9596395631565,1918.013387115037,4294832
2025-01-07,RELIANCE.NS,1240.8499755859375,1244.5,1221.25,1222.0,10070505
2025-01-07,TCS.NS,3969.845703125,4080.269802492842,3953.3387610597765,4055.2384761375806,2669054
2025-01-08,HDFCBANK.NS,1675.86376953125,1693.0249538839478,1665.032847916753,1689.6619263405146,9869095
2025-01-08,INFY.NS,1906.3277587890625,1911.7020924267943,1862.5437803277457,1903.221440652574,5482050
2025-01-08,RELIANCE.NS,1265.5,1271.050048828125,1245.3499755859375,1249.0,19346579
2025-01-08,TCS.NS,4048.783447265625,4066.128152200564,3959.4489538302996,3976.349996178194,2181277
2025-01-09,HDFCBANK.NS,1649.652099609375,1670.621366271091,1640.057576452008,1665.8241650634177,20210111
2025-01-09,INFY.NS,1890.69775390625,1924.7683048137867,1884.04140929985,1907.2153497813902,6833503
2025-01-09,RELIANCE.NS,1254.75,1269.75,1248.050048828125,1267.0,12794704
2025-01-09,TCS.NS,3980.242919921875,4077.7076998881107,3966.889493919747,4041.490973896717,2392472
2025-01-10,HDFCBANK.NS,1638.7222900390625,1656.6748173196283,1636.0022138069166,1652.8172305147266,8726640
2025-01-10,INFY.NS,1939.65869140625,1950.3582448997252,1905.440199043595,1910.1242932060775,8036913
2025-01-10,RELIANCE.NS,1241.9000244140625,1256.75,1236.0,1253.8499755859375,8120332
2025-01-10,TCS.NS,4203.75146484375,4234.646644233189,4109.4895290789855,4139.054201950057,7894300
2025-01-13,HDFCBANK.NS,1613.1041259765625,1628.8311366577489,1606.62547126519,1622.1545857711906,10834533
2025-01-13,INFY.NS,1934.974609375,1955.2888825925095,1921.9578062977632,1928.8606819489098,5804152
2025-01-13,RELIANCE.NS,1239.8499755859375,1245.25,1226.4000244140625,1230.0,13764861
2025-01-13,TCS.NS,4228.83203125,4260.219952785728,4166.056188178543,4183.400891174992,4003771
2025-01-14,HDFCBANK.NS,1628.6827392578125,1638.1782541162704,1619.1872243993546,1622.0556926227487,13330716
2025-01-14,INFY.NS,1913.132080078125,1944.4415525214629,1904.30618806105,1941.5324112023416,5792162
2025-01-14,RELIANCE.NS,1238.75,1253.3499755859375,1227.25,1244.0999755859375,13095266
2025-01-14,TCS.NS,4171.62451171875,4251.301403019245,4157.827664089084,4239.5741787732,3441709
2025-01-15,HDFCBANK.NS,1625.17138671875,1644.6074708865187,1618.4948360755266,1638.4749837776988,7011446
2025-01-15,INFY.NS,1922.598876953125,1930.8823520910328,1910.2229584649278,1919.9856212925836,2985439
2025-01-15,RELIANCE.NS,1252.199951171875,1257.0,1241.8499755859375,1244.949951171875,9578856
2025-01-15,TCS.NS,4187.9345703125,4194.685266878148,4146.396301039106,4156.793018552642,1653474
2025-01-16,HDFCBANK.NS,1634.073486328125,1642.4809947105991,1624.9735224571762,1634.8647087894985,10606227
2025-01-16,INFY.NS,1901.69287109375,1939.6586868478057,1890.2538441886265,1938.6725617632849,7533579
2025-01-16,RELIANCE.NS,1266.449951171875,1275.0,1251.300048828125,1258.9000244140625,14117603
2025-01-16,TCS.NS,4145.26220703125,4231.689785201745,4131.022179634115,4198.183159049705,2637705
2025-01-17,HDFCBANK.NS,1618.93994140625,1632.5403227683003,1610.7797125890197,1625.616492256711,11556038
2025-01-17,INFY.NS,1790.2607421875,1832.2204128168014,1786.858658785815,1825.3175372033904,16409953
2025-01-17,RELIANCE.NS,1302.3499755859375,1326.0,1285.0,1322.25,29366277
2025-01-17,TCS.NS,4074.13818359375,4109.996975792013,4050.1831231881365,4109.305296575243,1761466
2025-01-20,HDFCBANK.NS,1633.2821044921875,1642.8765067107925,1608.306859593821,1608.306859593821,8778809
2025-01-20,INFY.NS,1788.1407470703125,1802.5873839291105,1768.270301617817,1797.6567582772059,4333011
2025-01-20,RELIANCE.NS,1305.449951171875,1316.0,1300.25,1316.0,14040244
2025-01-20,TCS.NS,4028.2041015625,4095.3768153243486,4018.62212534306,4095.3768153243486,1287799
2025-01-21,HDFCBANK.NS,1624.5284423828125,1642.9755287572707,1615.2802074527385,1640.20594833001,15579072
2025-01-21,INFY.NS,1775.7154541015625,1806.236098768633,1768.1716932405016,1793.810946341272,7169109
2025-01-21,RELIANCE.NS,1273.699951171875,1313.0,1270.199951171875,1310.5,14562976
2025-01-21,TCS.NS,3986.764404296875,4061.000302162467,3980.9854579700177,4045.491300349546,1971591
2025-01-22,HDFCBANK.NS,1647.921142578125,1653.707462417924,1607.762829587749,1624.528462819293,15309653
2025-01-22,INFY.NS,1830.69189453125,1839.9122605214925,1780.103749105465,1782.3225305814187,8373913
2025-01-22,RELIANCE.NS,1277.0999755859375,1282.9000244140625,1268.699951171875,1278.300048828125,10273590
2025-01-22,TCS.NS,4106.0458984375,4112.516041833744,3995.0128065804856,4000.74231294192,2409223
2025-01-23,HDFCBANK.NS,1646.78369140625,1668.6431897795571,1633.282197465023,1668.6431897795571,17454579
2025-01-23,INFY.NS,1839.5670166015625,1853.4714767898427,1826.9939215973595,1832.220432769354,5907471
2025-01-23,RELIANCE.NS,1263.6500244140625,1277.3499755859375,1261.5999755859375,1270.0,8720682
2025-01-23,TCS.NS,4095.031494140625,4140.373142651605,4089.6967853278056,4117.307038660843,1822998
2025-01-24,HDFCBANK.NS,1631.8480224609375,1652.1249551014785,1626.6056452375487,1641.9369845511285,12118100
2025-01-24,INFY.NS,1849.4283447265625,1868.60855091582,1838.3837913147927,1839.616447739169,4887027
2025-01-24,RELIANCE.NS,1246.300048828125,1273.0,1243.5,1266.0,14235970
2025-01-24,TCS.NS,4101.84716796875,4127.185103550523,4054.085128044842,4054.085128044842,1910099
2025-01-27,HDFCBANK.NS,1612.0655517578125,1625.7153160703404,1608.3068527595995,1623.2425195562573,11402083
2025-01-27,INFY.NS,1796.719970703125,1837.151100669551,1786.8587194918016,1823.0988176934152,7652371
2025-01-27,RELIANCE.NS,1229.3499755859375,1240.449951171875,1220.0,1239.0999755859375,9536019
2025-01-27,TCS.NS,4015.707763671875,4105.7987421505895,3991.901023160227,4052.109674254546,1551782
2025-01-28,HDFCBANK.NS,1652.2237548828125,1665.9725277484147,1629.0783551961038,1629.0783551961038,15089656
2025-01-28,INFY.NS,1804.3624267578125,1837.6441493445463,1799.57974403178,1804.6089580362327,6999495
2025-01-28,RELIANCE.NS,1234.4000244140625,1244.75,1218.5,1238.0,10568025
2025-01-28,TCS.NS,3991.16015625,4052.1096856868503,3979.306105487386,4021.2892019383103,2468272
2025-01-29,HDFCBANK.NS,1659.0487060546875,1662.8567885850937,1650.690581288452,1656.7736849367727,6309945
2025-01-29,INFY.NS,1855.1478271484375,1862.4451768959955,1814.9632296965842,1819.4007926053778,5145155
2025-01-29,RELIANCE.NS,1235.5,1242.75,1228.050048828125,1236.0,5928156
2025-01-29,TCS.NS,4049.936279296875,4057.888661146309,4004.693511497203,4004.693511497203,1217089
2025-01-30,HDFCBANK.NS,1673.0941162109375,1679.4244994156518,1654.3503669894485,1662.7083708841774,12872423
2025-01-30,INFY.NS,1834.143310546875,1861.0152192135097,1818.414663533007,1847.1602339434605,7336056
2025-01-30,RELIANCE.NS,1253.050048828125,1257.0,1232.4000244140625,1235.550048828125,9269259
2025-01-30,TCS.NS,4050.18310546875,4079.6701524518658,4009.1386486944825,4050.035026306533,1531251
2025-01-31,HDFCBANK.NS,1680.2652587890625,1686.150466291987,1665.62625488956,1668.8903946383198,7910843
2025-01-31,INFY.NS,1853.718017578125,1871.1230293523827,1845.0400685173022,1845.0400685173022,5820470
2025-01-31,RELIANCE.NS,1265.0999755859375,1267.0,1249.0,1255.8499755859375,6584612
2025-01-31,TCS.NS,4062.383056640625,4078.2381387724013,4035.563363544183,4060.0123429818477,1492943
2025-02-01,HDFCBANK.NS,1672.550048828125,1694.360162260864,1657.8122782777295,1679.028823956694,2793764
2025-02-01,INFY.NS,1825.6627197265625,1864.3681307478303,1820.3869744015317,1854.2111142217134,1701402
2025-02-01,RELIANCE.NS,1264.5999755859375,1270.550048828125,1241.0,1265.0999755859375,7118453
2025-02-01,TCS.NS,4023.610595703125,4085.5974046676292,4006.6692774506637,4062.9760202550738,437172
2025-02-03,HDFCBANK.NS,1659.7410888671875,1668.4453812534073,1645.349364263455,1651.828139694996,10138270
2025-02-03,INFY.NS,1837.447021484375,1850.5131795891741,1806.975730583523,1810.5257570121476,4823228
2025-02-03,RELIANCE.NS,1245.9000244140625,1256.0,1237.550048828125,1251.0,9252345
2025-02-03,TCS.NS,4019.1650390625,4027.413578843086,3950.0658526045604,3981.8741725917307,1265713
2025-02-04,HDFCBANK.NS,1702.17431640625,1707.0210219609323,1661.7688435247674,1670.3246232912106,14308251
2025-02-04,INFY.NS,1872.4544677734375,1884.6823232329095,1848.984641243281,1862.7903932312308,7334787
2025-02-04,RELIANCE.NS,1285.199951171875,1288.800048828125,1246.5999755859375,1248.050048828125,16691069
2025-02-04,TCS.NS,4057.097900390625,4068.7546725517195,4016.5968031738958,4034.0320389626604,2547132
2025-02-05,HDFCBANK.NS,1718.890380859375,1725.2206434143388,1700.1960148503242,1714.1425632011333,11837753
2025-02-05,INFY.NS,1870.7286376953125,1893.0642745340085,1868.0167937158456,1879.5544090414844,4996744
2025-02-05,RELIANCE.NS,1278.199951171875,1290.5,1276.699951171875,1282.6500244140625,10112028
2025-02-05,TCS.NS,4041.34228515625,4099.525820208286,4026.4258417274636,4099.525820208286,1693912
2025-02-06,HDFCBANK.NS,1724.87451171875,1729.9684968498739,1705.2405309143412,1716.6153952446862,13380358
2025-02-06,INFY.NS,1889.070556640625,1897.3046770838346,1873.6376748748885,1890.4018014395585,4765255
2025-02-06,RELIANCE.NS,1281.550048828125,1288.0,1270.3499755859375,1273.699951171875,9956001
2025-02-06,TCS.NS,4033.09375,4089.1535308615516,4002.2732667297546,4055.468173998699,2284536
2025-02-07,HDFCBANK.NS,1713.895263671875,1747.772575910087,1706.2295944792868,1730.9575596166678,11754800
2025-02-07,INFY.NS,1877.237060546875,1897.008796469081,1863.2340119765795,1892.6699423538048,4126260
2025-02-07,RELIANCE.NS,1266.699951171875,1283.699951171875,1262.0,1276.1500244140625,8764283
2025-02-07,TCS.NS,3980.392333984375,4040.255383072488,3959.2527079106435,4040.255383072488,1548940
2025-02-10,HDFCBANK.NS,1697.080322265625,1704.6964875672104,1689.9092120593446,1698.6135044686043,8597975
2025-02-10,INFY.NS,1854.2110595703125,1878.568301204317,1852.534574687111,1878.568301204317,3828734
2025-02-10,RELIANCE.NS,1253.6500244140625,1266.5,1245.550048828125,1264.5,6970972
2025-02-10,TCS.NS,3987.850830078125,4002.7178337412574,3965.5258456983292,3990.8637829009576,1339511
2025-02-11,HDFCBANK.NS,1682.886474609375,1692.3819893844604,1670.3245954632957,1684.4690402815525,11362352
2025-02-11,INFY.NS,1849.6256103515625,1876.5961083803954,1844.0539793333367,1856.972194364576,4411601
2025-02-11,RELIANCE.NS,1234.8499755859375,1264.550048828125,1230.0999755859375,1264.550048828125,8859714
2025-02-11,TCS.NS,3915.34375,3990.863885944065,3906.8976903239545,3969.5264974120864,1810908
2025-02-12,HDFCBANK.NS,1688.227783203125,1693.371151956651,1662.9062488232378,1674.5778973496554,11404785
2025-02-12,INFY.NS,1837.299072265625,1868.3126596599398,1821.3731272347864,1858.8458824242405,5633947
2025-02-12,RELIANCE.NS,1216.550048828125,1226.9000244140625,1193.3499755859375,1219.449951171875,21131654
2025-02-12,TCS.NS,3902.1064453125,3972.83571115218,3892.228069702002,3922.801835153518,1678002
2025-02-13,HDFCBANK.NS,1679.2266845703125,1695.5966465320512,1675.1219387645679,1680.5125871127052,6301217
2025-02-13,INFY.NS,1817.6751708984375,1847.5054564916438,1810.1806438825727,1842.5748307737585,5237744
2025-02-13,RELIANCE.NS,1216.0999755859375,1228.0,1212.0,1217.050048828125,8511216
2025-02-13,TCS.NS,3862.593017578125,3935.989398017966,3854.789197163407,3919.739518058658,2277310
2025-02-14,HDFCBANK.NS,1676.40771484375,1683.3810496024255,1661.7193270831162,1683.3810496024255,9979946
2025-02-14,INFY.NS,1830.6427001953125,1833.5024871238693,1802.9818423780237,1828.2759758276586,5292961
2025-02-14,RELIANCE.NS,1217.25,1224.0,1205.449951171875,1219.0,10298145
2025-02-14,TCS.NS,3886.99267578125,3899.982643080853,3852.5664407333657,3877.2623794560154,1681975
2025-02-17,HDFCBANK.NS,1698.662841796875,1701.2840302942786,1662.9556836815443,1666.8626539426798,6469473
2025-02-17,INFY.NS,1816.73828125,1827.0432401752385,1796.8678368321998,1813.0403122036325,4428956
2025-02-17,RELIANCE.NS,1224.9000244140625,1227.5,1204.5,1211.0999755859375,8166683
2025-02-17,TCS.NS,3857.011474609375,3886.152680525876,3809.2988756711575,3809.595275152018,1799806
2025-02-18,HDFCBANK.NS,1704.3009033203125,1712.708411673349,1687.584774328812,1694.4097170226223,8175455
2025-02-18,INFY.NS,1826.25439453125,1835.8198805610482,1812.1035229276997,1816.7383832854173,4365260
2025-02-18,RELIANCE.NS,1225.4000244140625,1229.9000244140625,1216.0999755859375,1224.8499755859375,6673250
2025-02-18,TCS.NS,3826.09228515625,3876.669518619195,3817.498146852113,3850.9857427573356,2149879
2025-02-19,HDFCBANK.NS,1708.4056396484375,1718.9892813739957,1693.816139939549,1698.3166779770647,5942056
2025-02-19,INFY.NS,1785.6754150390625,1823.5425233371382,1780.8433778768451,1821.7675703475043,4611411
2025-02-19,RELIANCE.NS,1227.449951171875,1232.75,1217.550048828125,1219.5,6217338
2025-02-19,TCS.NS,3738.076171875,3827.82106864859,3722.319970005145,3825.1045153843083,4366672
2025-02-20,HDFCBANK.NS,1668.7420654296875,1696.0417162693425,1666.961724288724,1692.3820255278974,13195255
2025-02-20,INFY.NS,1799.8262939453125,1805.5951018447554,1780.4982655923657,1780.4982655923657,2218020
2025-02-20,RELIANCE.NS,1233.0,1239.3499755859375,1222.0,1223.949951171875,7795582
2025-02-20,TCS.NS,3733.43310546875,3741.928604788681,3705.675015273267,3715.7509099558138,2888572
2025-02-21,HDFCBANK.NS,1674.083251953125,1676.5065442573725,1658.9991931098252,1662.6095001944939,7840470
2025-02-21,INFY.NS,1789.8170166015625,1804.4609499348014,1781.1390677643708,1796.5227152827192,3379879
2025-02-21,RELIANCE.NS,1228.1500244140625,1240.0,1222.1500244140625,1228.699951171875,6904025
2025-02-21,TCS.NS,3739.953125,3770.5760903658215,3729.0869114830957,3730.173629303301,1833931
2025-02-24,HDFCBANK.NS,1658.850830078125,1665.873548202101,1643.0249319995226,1662.8073045977758,10346823
2025-02-24,INFY.NS,1739.623291015625,1782.9142076324636,1725.9654822503978,1775.0745611201182,7594720
2025-02-24,RELIANCE.NS,1214.550048828125,1223.25,1210.5,1216.550048828125,7172498
2025-02-24,TCS.NS,3630.89599609375,3717.430425557689,3625.364009039234,3697.624233350342,2508516
2025-02-25,HDFCBANK.NS,1664.043701171875,1669.6322455735317,1652.9161165968144,1652.9161165968144,12069354
2025-02-25,INFY.NS,1743.17333984375,1753.7741849650602,1720.9362904431496,1720.9362904431496,5092963
2025-02-25,RELIANCE.NS,1204.0,1221.0,1201.5,1211.0,11552182
2025-02-25,TCS.NS,3585.40576171875,3613.5096912637337,3577.2066619706934,3580.911052714881,4101954
2025-02-27,HDFCBANK.NS,1682.1939697265625,1692.1346600420295,1664.2415635700595,1664.2415635700595,17893400
2025-02-27,INFY.NS,1739.820556640625,1751.2102292840527,1726.8036331353665,1730.846721957405,5757079
2025-02-27,RELIANCE.NS,1207.0999755859375,1215.0,1200.6500244140625,1212.800048828125,11509215
2025-02-27,TCS.NS,3568.612548828125,3593.752965954935,3556.9065775254853,3567.772790451682,3823856
2025-02-28,HDFCBANK.NS,1713.5491943359375,1718.3463956986209,1666.6649456049367,1666.6649456049367,27258364
2025-02-28,INFY.NS,1664.2833251953125,1730.7481826909784,1659.106168289425,1730.6989486606933,12182167
2025-02-28,RELIANCE.NS,1200.0999755859375,1217.3499755859375,1193.300048828125,1202.0,23007298
2025-02-28,TCS.NS,3440.88525390625,3556.215291484246,3414.954517405844,3541.348287656423,7085018
2025-03-03,HDFCBANK.NS,1683.034912109375,1724.0833366917977,1675.665905612617,1720.8687010317285,10602682
2025-03-03,INFY.NS,1684.893310546875,1704.615812415331,1668.8195437500424,1668.8195437500424,7504969
2025-03-03,RELIANCE.NS,1171.25,1206.449951171875,1156.0,1204.0,17944938
2025-03-03,TCS.NS,3450.56591796875,3480.398563015721,3433.871319078812,3442.6137776512555,4990439
2025-03-04,HDFCBANK.NS,1691.392822265625,1695.646080583334,1674.825085556298,1679.5233989514802,9960479
2025-03-04,INFY.NS,1664.8751220703125,1675.4266129180364,1646.8289838570458,1671.4821123578997,6759673
2025-03-04,RELIANCE.NS,1161.9000244140625,1174.0,1159.550048828125,1162.199951171875,11377373
2025-03-04,TCS.NS,3489.091796875,3507.811270911589,3422.1658003657744,3431.747776723982,2797737
2025-03-05,HDFCBANK.NS,1671.6104736328125,1692.1841892974087,1669.8795160417726,1683.4303928862487,10791936
2025-03-05,INFY.NS,1687.753173828125,1708.9055098893523,1668.9674417970127,1668.9674417970127,8180782
2025-03-05,RELIANCE.NS,1175.5999755859375,1183.0,1157.0,1161.0,8664095
2025-03-05,TCS.NS,3503.9091796875,3556.5609685813047,3478.0278844831014,3478.0278844831014,2501894
2025-03-06,HDFCBANK.NS,1672.79736328125,1681.4027677278386,1654.053613712989,1668.6431133704964,16483044
2025-03-06,INFY.NS,1692.042724609375,1698.403303714733,1667.6361284442405,1691.204542351751,10610547
2025-03-06,RELIANCE.NS,1209.5999755859375,1213.949951171875,1185.1500244140625,1197.0,14468014
2025-03-06,TCS.NS,3557.7958984375,3565.5502786807147,3493.0925374232374,3513.7382462249243,2786513
2025-03-07,HDFCBANK.NS,1670.86865234375,1682.6391882357625,1659.3453961102166,1663.697542247854,6686457
2025-03-07,INFY.NS,1662.60693359375,1681.3433106627187,1652.2526199503725,1679.4696488805018,8019331
2025-03-07,RELIANCE.NS,1249.800048828125,1254.800048828125,1212.0,1216.0,16474965
2025-03-07,TCS.NS,3567.27880859375,3580.9110146215976,3530.926339576579,3556.2150765897245,2051315
2025-03-10,HDFCBANK.NS,1669.1376953125,1681.402790525719,1664.7361656868547,1670.621373263889,7802025
2025-03-10,INFY.NS,1677.842529296875,1695.14907322124,1652.9428701352483,1662.606944415946,7558981
2025-03-10,RELIANCE.NS,1238.4000244140625,1258.0,1235.4000244140625,1245.0,11931051
2025-03-10,TCS.NS,3545.990966796875,3578.0464882486435,3539.0269050026495,3562.6361259918417,1004626
2025-03-11,HDFCBANK.NS,1667.159423828125,1675.5669320467778,1651.8775895392637,1664.0931802732555,9949215
2025-03-11,INFY.NS,1638.54541015625,1656.6901357180045,1614.336111648948,1656.6901357180045,12671234
2025-03-11,RELIANCE.NS,1247.300048828125,1249.5,1229.75,1240.0,10089838
2025-03-11,TCS.NS,3531.815673828125,3545.1020407658093,3494.623445019518,3514.7260358188087,1995450
2025-03-12,HDFCBANK.NS,1692.5303955078125,1699.8003934086098,1673.1436941916788,1673.1436941916788,9392053
2025-03-12,INFY.NS,1568.777099609375,1614.1882088567118,1542.1024877383609,1614.1882088567118,14870008
2025-03-12,RELIANCE.NS,1257.050048828125,1263.0,1244.0,1258.0,11977555
2025-03-12,TCS.NS,3463.555908203125,3525.8391128612507,3444.4413966520915,3521.640803348143,3174167
2025-03-13,HDFCBANK.NS,1688.02978515625,1702.075341775916,1681.5511307463416,1697.3770284077002,7868132
2025-03-13,INFY.NS,1557.9296875,1583.766236887254,1548.5122651881575,1577.0605381756682,7822888
2025-03-13,RELIANCE.NS,1247.9000244140625,1264.1500244140625,1243.8499755859375,1260.050048828125,9505270
2025-03-13,TCS.NS,3468.346923828125,3481.435770783201,3441.724751274507,3459.703345650245,1693004
2025-03-17,HDFCBANK.NS,1691.78857421875,1705.2405637986876,1686.4473093252682,1686.4473093252682,9475326
2025-03-17,INFY.NS,1567.98828125,1571.8834272886888,1523.711239680789,1523.711239680789,7526032
2025-03-17,RELIANCE.NS,1238.8499755859375,1257.4000244140625,1233.0999755859375,1242.1500244140625,16640917
2025-03-17,TCS.NS,3455.1591796875,3487.5108578515615,3435.0568312409873,3446.565041661376,2690906
2025-03-18,HDFCBANK.NS,1691.78857421875,1691.78857421875,1691.78857421875,1691.78857421875,0
2025-03-18,INFY.NS,1567.98828125,1567.98828125,1567.98828125,1567.98828125,0
2025-03-18,RELIANCE.NS,1238.8499755859375,1238.8499755859375,1238.8499755859375,1238.8499755859375,0
2025-03-18,TCS.NS,3455.1591796875,3455.1591796875,3455.1591796875,3455.1591796875,0
2025-03-19,HDFCBANK.NS,1725.121826171875,1731.9467690561378,1713.3512900007588,1716.1208705382062,7610703
2025-03-19,INFY.NS,1564.536865234375,1580.7585753901394,1550.9776447654951,1580.7585753901394,7387068
2025-03-19,RELIANCE.NS,1247.1500244140625,1253.25,1238.800048828125,1241.050048828125,16162399
2025-03-19,TCS.NS,3454.56689453125,3503.8598932625678,3420.634577218764,3503.8598932625678,3051244
2025-03-20,HDFCBANK.NS,1749.5035400390625,1754.6964127374117,1730.2652313867475,1734.9140405532244,8916989
2025-03-20,INFY.NS,1593.134521484375,1609.2576434825316,1569.9112262370732,1569.9112262370732,7186750
2025-03-20,RELIANCE.NS,1269.1500244140625,1273.0,1250.050048828125,1251.8499755859375,15971477
2025-03-20,TCS.NS,3519.813232421875,3535.4211137803227,3469.285438744659,3469.285438744659,2845192
2025-03-21,HDFCBANK.NS,1751.086181640625,1754.7953765860927,1736.4472980343926,1736.4472980343926,16754132
2025-03-21,INFY.NS,1570.45361328125,1581.6461093555213,1541.9545731422113,1556.0560901796125,10074677
2025-03-21,RELIANCE.NS,1276.3499755859375,1281.0,1270.0999755859375,1275.0,21780769
2025-03-21,TCS.NS,3534.58154296875,3572.267448060842,3422.857022476548,3432.735397721791,4161925
2025-03-24,HDFCBANK.NS,1780.41357421875,1784.765720437467,1754.3503218778967,1759.6420825195312,8696868
2025-03-24,INFY.NS,1570.6507568359375,1584.8016279799526,1550.8789003823247,1575.7785592177397,8857726
2025-03-24,RELIANCE.NS,1302.0999755859375,1306.0,1284.25,1291.0,20299319
2025-03-24,TCS.NS,3584.81298828125,3605.360057323045,3523.2214624383355,3556.215139766549,1834751
2025-03-25,HDFCBANK.NS,1801.630126953125,1823.6380170403143,1781.8972580706343,1785.2602856480926,19550708
2025-03-25,INFY.NS,1605.8553466796875,1613.4485820609123,1582.7307615847424,1582.7307615847424,9890140
2025-03-25,RELIANCE.NS,1285.449951171875,1307.699951171875,1282.5999755859375,1307.699951171875,13713899
2025-03-25,TCS.NS,3613.262939453125,3664.877453453925,3593.753147079617,3600.6680101993416,3135390
2025-03-26,HDFCBANK.NS,1786.892333984375,1807.6143212720528,1782.3917958589545,1805.1415246629256,12239221
2025-03-26,INFY.NS,1577.2578125,1615.0264536438078,1572.8696037624018,1603.4394832085677,6651302
2025-03-26,RELIANCE.NS,1273.050048828125,1293.800048828125,1268.75,1291.0,12074747
2025-03-26,TCS.NS,3591.579833984375,3635.736124498959,3581.7508985374016,3603.3844445431537,1734499
2025-03-27,HDFCBANK.NS,1805.4876708984375,1820.967401638719,1778.534188174562,1780.4135377238968,20829050
2025-03-27,INFY.NS,1581.301025390625,1597.4733814773153,1563.9944809345598,1573.4120242257595,9426573
2025-03-27,RELIANCE.NS,1278.199951171875,1285.0,1271.300048828125,1278.1500244140625,15028056
2025-03-27,TCS.NS,3606.79248046875,3618.449012006768,3566.5875396807087,3570.884729570523,2528474
2025-03-28,HDFCBANK.NS,1808.306640625,1816.021814276578,1786.199863276083,1809.0979838299897,14386824
2025-03-28,INFY.NS,1548.857421875,1576.271627596916,1538.355165420368,1567.938918601529,6799047
2025-03-28,RELIANCE.NS,1275.0999755859375,1295.75,1269.0,1280.0,18147129
2025-03-28,TCS.NS,3562.290283203125,3616.4238291582196,3548.2135981206075,3606.5948937734543,2051919
2025-04-01,HDFCBANK.NS,1748.6134033203125,1790.2058913744881,1746.1406066641075,1782.3918297924758,14255503
2025-04-01,INFY.NS,1505.3199462890625,1525.9299846961485,1496.7899402056196,1517.8930411565277,12680733
2025-04-01,RELIANCE.NS,1252.5999755859375,1277.9000244140625,1249.300048828125,1264.5999755859375,12099648
2025-04-01,TCS.NS,3507.613525390625,3540.4096829245336,3482.1272690594255,3529.2470706788267,2618493
2025-04-02,HDFCBANK.NS,1777.3472900390625,1779.6221904423942,1751.4323094930462,1751.4323094930462,5786782
2025-04-02,INFY.NS,1528.641845703125,1534.065533745542,1513.8992032527772,1513.8992032527772,6193478
2025-04-02,RELIANCE.NS,1251.1500244140625,1255.550048828125,1243.9000244140625,1247.550048828125,10142590
2025-04-02,TCS.NS,3500.8466796875,3520.751750127819,3487.1158348283598,3500.8961197970325,1764313
2025-04-03,HDFCBANK.NS,1775.319580078125,1784.370039849937,1757.66383637103,1761.7191986768298,5625019
2025-04-03,INFY.NS,1475.7362060546875,1513.3569025396205,1464.4451218569632,1513.3569025396205,10459504
2025-04-03,RELIANCE.NS,1248.699951171875,1251.800048828125,1233.050048828125,1233.050048828125,7434366
2025-04-03,TCS.NS,3361.75927734375,3459.407116080848,3354.8444144618065,3448.5409029806515,4537821
2025-04-04,HDFCBANK.NS,1797.525390625,1821.907069020865,1791.3927824826333,1793.2721320866171,16770227
2025-04-04,INFY.NS,1431.508544921875,1451.5761669039568,1427.9091641826965,1440.2357281000195,9590254
2025-04-04,RELIANCE.NS,1204.699951171875,1245.449951171875,1193.1500244140625,1241.0999755859375,17908652
2025-04-04,TCS.NS,3259.27099609375,3358.301706837936,3255.418526258992,3321.702519893932,5317367
2025-04-07,HDFCBANK.NS,1738.57373046875,1760.4827318030539,1719.285917596287,1743.6183319674699,18997725
2025-04-07,INFY.NS,1377.3702392578125,1386.3933080363427,1288.8655111580174,1333.241140845937,21715252
2025-04-07,RELIANCE.NS,1165.699951171875,1171.25,1114.8499755859375,1132.199951171875,22156106
2025-04-07,TCS.NS,3234.2294921875,3251.368328518194,3018.8809120553065,3062.296322980731,6623955
2025-04-08,HDFCBANK.NS,1749.8992919921875,1762.6094425558153,1731.254429500762,1745.7944254270562,17781936
2025-04-08,INFY.NS,1408.9755859375,1436.2912029581203,1395.3670114560523,1411.1450129990183,12805001
2025-04-08,RELIANCE.NS,1182.199951171875,1196.5999755859375,1163.300048828125,1172.0,19555040
2025-04-08,TCS.NS,3252.899658203125,3308.2680019006634,3215.70767038631,3261.889076504213,5557558
2025-04-09,HDFCBANK.NS,1745.79443359375,1755.6856201863493,1734.419569012261,1745.79443359375,11227304
2025-04-09,INFY.NS,1384.2237548828125,1389.8939742084822,1362.7262999262337,1385.5551200692491,8546854
2025-04-09,RELIANCE.NS,1185.3499755859375,1189.800048828125,1168.0,1169.5,10223104
2025-04-09,TCS.NS,3207.11328125,3230.2285819736,3172.9834478453536,3220.893565957195,2990265
2025-04-11,HDFCBANK.NS,1787.090087890625,1799.6024627305007,1755.4382916750444,1755.4382916750444,16387883
2025-04-11,INFY.NS,1389.89404296875,1418.8369123902967,1377.6661874236538,1391.669116387415,12567440
2025-04-11,RELIANCE.NS,1218.949951171875,1222.6500244140625,1195.1500244140625,1195.1500244140625,11224242
2025-04-11,TCS.NS,3192.197021484375,3258.8266155521846,3167.0071641277755,3249.5410391127716,7108961
2025-04-15,HDFCBANK.NS,1844.607421875,1856.3779581328727,1834.8151229464497,1844.7063095930612,24649172
2025-04-15,INFY.NS,1406.21435546875,1427.6132214230709,1389.4502292114087,1425.5423828430714,10178530
2025-04-15,RELIANCE.NS,1240.0999755859375,1251.0,1237.0999755859375,1251.0,13378535
2025-04-15,TCS.NS,3208.69384765625,3274.08864453866,3199.2107519795586,3274.08864453866,3512160
2025-04-16,HDFCBANK.NS,1857.5648193359375,1863.3017557861801,1840.255243010922,1863.3017557861801,9568410
2025-04-16,INFY.NS,1393.493408203125,1407.6936342633087,1377.4196406823328,1405.2283214187144,12022740
2025-04-16,RELIANCE.NS,1239.300048828125,1240.9000244140625,1229.0,1234.0999755859375,8248464
2025-04-16,TCS.NS,3233.982666015625,3238.230415776077,3189.727494903794,3208.6939279027843,2384391
2025-04-17,HDFCBANK.NS,1885.9525146484375,1898.811057323367,1856.2789546293693,1861.5213318628812,17851542
2025-04-17,INFY.NS,1399.8045654296875,1409.9617020085943,1359.1762598672565,1378.6028759920416,14264227
2025-04-17,RELIANCE.NS,1274.5,1280.199951171875,1227.5999755859375,1240.199951171875,15398401
2025-04-17,TCS.NS,3258.777099609375,3263.420128892314,3178.861140676779,3206.026672488032,2932346
2025-04-21,HDFCBANK.NS,1906.1304931640625,1929.473668750272,1889.2165886911998,1903.0642495507163,17123649
2025-04-21,INFY.NS,1430.8675537109375,1451.379004423389,1390.4364236612141,1390.4364236612141,15648970
2025-04-21,RELIANCE.NS,1295.5,1300.9000244140625,1267.0,1270.0,10429964
2025-04-21,TCS.NS,3281.201416015625,3313.207257273907,3244.1575066096107,3250.084532114573,2432946
2025-04-22,HDFCBANK.NS,1940.35400390625,1949.1571840237666,1913.9445842957227,1913.9445842957227,22980875
2025-04-22,INFY.NS,1403.058837890625,1420.0201414292796,1399.6074000468734,1420.0201414292796,9399738
2025-04-22,RELIANCE.NS,1291.199951171875,1303.9000244140625,1286.300048828125,1300.0,13051707
2025-04-22,TCS.NS,3274.088623046875,3293.3514549412,3254.9246713743637,3282.18908375484,2710498
2025-04-23,HDFCBANK.NS,1902.96533203125,1957.3668559844475,1899.6023045839213,1957.3668559844475,15285321
2025-04-23,INFY.NS,1454.4359130859375,1467.1569507677636,1419.6256494074153,1425.9368740316995,11136642
2025-04-23,RELIANCE.NS,1300.0,1306.0,1285.4000244140625,1297.0,10480888
2025-04-23,TCS.NS,3371.48974609375,3379.2935667052634,3296.7104876244343,3324.0735410505326,3543923
2025-04-24,HDFCBANK.NS,1895.942626953125,1902.9653450357623,1884.3698666060566,1889.216572012503,12965877
2025-04-24,INFY.NS,1450.9844970703125,1462.324935726995,1441.22183449924,1449.505309419441,7114292
2025-04-24,RELIANCE.NS,1301.5999755859375,1304.5,1290.300048828125,1292.4000244140625,10468940
2025-04-24,TCS.NS,3360.228271484375,3370.9956041985065,3346.4971849798935,3359.734352714529,2252175
2025-04-25,HDFCBANK.NS,1890.4034423828125,1911.9662764146635,1871.2146379094613,1903.8555520955367,9250439
2025-04-25,INFY.NS,1459.662353515625,1480.864043581714,1443.194112173071,1455.0276136053067,8329979
2025-04-25,RELIANCE.NS,1300.4000244140625,1325.199951171875,1288.0999755859375,1303.5,14431012
2025-04-25,TCS.NS,3406.06396484375,3435.5015728669696,3363.5869490408845,3378.404512693047,2742991
2025-04-28,HDFCBANK.NS,1899.3055419921875,1908.7021689621622,1887.6340146220625,1890.403474336422,6960246
2025-04-28,INFY.NS,1461.5360107421875,1468.9319491141807,1444.9691810148831,1459.6623489459623,5886253
2025-04-28,RELIANCE.NS,1368.800048828125,1374.5999755859375,1320.199951171875,1340.0,31104496
2025-04-28,TCS.NS,3401.61865234375,3415.7447777461534,3363.586906121815,3393.222033047998,1593296
2025-04-29,HDFCBANK.NS,1888.0296630859375,1907.8120354118923,1879.523146392162,1897.920849248915,9459154
2025-04-29,INFY.NS,1476.722412109375,1488.8517996048886,1453.6470595242981,1461.4374722845366,8056743
2025-04-29,RELIANCE.NS,1399.699951171875,1410.9000244140625,1370.0,1371.0,32538970
2025-04-29,TCS.NS,3430.265869140625,3452.492213865078,3388.6778120988047,3412.9787121327167,1578332
2025-04-30,HDFCBANK.NS,1904.0533447265625,1915.8238804605487,1889.5133493000037,1892.1839212789164,15968435
2025-04-30,INFY.NS,1479.2862548828125,1487.8656155741658,1462.0290654409305,1476.0321142425894,7704183
2025-04-30,RELIANCE.NS,1405.0,1412.4000244140625,1369.0,1402.0,25480745
2025-04-30,TCS.NS,3411.694580078125,3467.2110034862103,3325.061273098265,3429.772055911222,2809332
2025-05-02,HDFCBANK.NS,1900.9871826171875,1920.7695558776984,1899.1078330090343,1908.8012442034942,8920202
2025-05-02,INFY.NS,1485.991943359375,1502.065710329334,1475.4403325201433,1478.8917703842976,7402310
2025-05-02,RELIANCE.NS,1419.800048828125,1426.699951171875,1409.0999755859375,1414.0,13007841
2025-05-02,TCS.NS,3389.2705078125,3449.034677361511,3378.4042951672254,3429.7718458539784,1721761
2025-05-05,HDFCBANK.NS,1915.7249755859375,1930.7595301881363,1911.2739418329422,1917.900988235039,7534012
2025-05-05,INFY.NS,1487.6683349609375,1501.8685607929344,1481.9488814793483,1493.979559817003,4282493
2025-05-05,RELIANCE.NS,1431.300048828125,1439.5,1426.9000244140625,1431.0,12685649
2025-05-05,TCS.NS,3412.287109375,3461.87650342117,3404.4830484567965,3408.0393599095555,1284443
2025-05-06,HDFCBANK.NS,1910.680419921875,1918.9890406085808,1903.3610386127025,1908.998966538313,8745078
2025-05-06,INFY.NS,1490.528076171875,1494.571164972708,1478.3001009589232,1485.1043881672801,4270530
2025-05-06,RELIANCE.NS,1420.9000244140625,1432.0,1410.5999755859375,1431.0,14084117
2025-05-06,TCS.NS,3417.91796875,3430.759857071893,3395.1977047958817,3417.91796875,1324763
2025-05-07,HDFCBANK.NS,1924.42919921875,1927.4954428501762,1901.4816950987627,1912.9554471587564,10710389
2025-05-07,INFY.NS,1487.37255859375,1497.72687229769,1475.8348225262564,1479.1876719914237,5691799
2025-05-07,RELIANCE.NS,1406.0,1424.4000244140625,1402.699951171875,1420.9000244140625,13440169
2025-05-07,TCS.NS,3403.19921875,3417.4239829127787,3378.997198925932,3378.997198925932,1477128
2025-05-08,HDFCBANK.NS,1907.5152587890625,1933.529126793494,1898.2175196120784,1933.529126793494,17401715
2025-05-08,INFY.NS,1490.4295654296875,1495.4587795844232,1480.371016743612,1487.0767158676624,8424409
2025-05-08,RELIANCE.NS,1407.0,1420.800048828125,1398.0,1404.0999755859375,16106175
2025-05-08,TCS.NS,3406.952880859375,3434.7112128994936,3386.998610284149,3406.063923519544,2543591
2025-05-09,HDFCBANK.NS,1869.137451171875,1898.1186757053522,1866.2691037011123,1889.3154956352294,8594398
2025-05-09,INFY.NS,1486.6822509765625,1490.429574694462,1473.3695614613061,1479.8779633712215,4478653
2025-05-09,RELIANCE.NS,1377.199951171875,1394.800048828125,1374.5,1385.5,13668904
2025-05-09,TCS.NS,3398.457763671875,3404.2859090779284,3356.7710649388723,3357.6600223156292,2531757
2025-05-12,HDFCBANK.NS,1935.9029541015625,1938.5736468750379,1891.4916237548123,1896.7338801021149,9309486
2025-05-12,INFY.NS,1604.3270263671875,1609.356240543565,1510.743725804376,1515.6743515413355,11372857
2025-05-12,RELIANCE.NS,1436.5,1439.0,1400.0,1400.0,10674081
2025-05-12,TCS.NS,3576.366943359375,3586.344199009816,3459.604594038759,3462.370587392757,2228678
2025-05-13,HDFCBANK.NS,1901.679443359375,1940.3539574298177,1899.1077590840193,1928.7813178197073,12121051
2025-05-13,INFY.NS,1546.8358154296875,1589.8308459268644,1542.8913150101926,1586.675293741908,12846210
2025-05-13,RELIANCE.NS,1415.699951171875,1447.699951171875,1412.4000244140625,1433.5,11407896
2025-05-13,TCS.NS,3472.2490234375,3578.935479918652,3467.803754417452,3576.3670057941126,3062887
2025-05-14,HDFCBANK.NS,1889.81005859375,1909.196759883295,1882.292781041725,1901.1849230088733,7722654
2025-05-14,INFY.NS,1570.3056640625,1572.8695652973822,1547.7233747550104,1552.1609377918994,4870057
2025-05-14,RELIANCE.NS,1424.4000244140625,1429.9000244140625,1415.5,1420.0,5570160
2025-05-14,TCS.NS,3505.5390625,3517.689512589028,3465.9269214811093,3478.1760106222882,2119499
2025-05-15,HDFCBANK.NS,1912.7576904296875,1923.637995561274,1876.3580758744806,1892.67853357186,16120729
2025-05-15,INFY.NS,1590.6197509765625,1596.1420273386075,1549.2024976963296,1567.7416973152629,11151167
2025-05-15,RELIANCE.NS,1454.199951171875,1461.4000244140625,1412.699951171875,1425.0,20177211
2025-05-15,TCS.NS,3536.359619140625,3556.21525075921,3471.360099994329,3520.653098251618,3548330
2025-05-16,HDFCBANK.NS,1913.6478271484375,1922.648903566604,1907.4164520228114,1912.7577169462224,7934005
2025-05-16,INFY.NS,1567.84033203125,1590.2253238143162,1559.5568570553514,1590.2253238143162,4576751
2025-05-16,RELIANCE.NS,1456.4000244140625,1461.0,1447.300048828125,1453.199951171875,9036695
2025-05-16,TCS.NS,3517.98583984375,3550.1891985825587,3502.970757638989,3550.1891985825587,1666727
2025-05-19,HDFCBANK.NS,1917.604248046875,1923.8357437398588,1909.9880828594692,1915.9227946653505,5101482
2025-05-19,INFY.NS,1538.157958984375,1563.0082630282545,1534.1147498260523,1554.62619978804,8855798
2025-05-19,RELIANCE.NS,1440.800048828125,1454.5999755859375,1438.199951171875,1452.0999755859375,6195791
2025-05-19,TCS.NS,3476.0029296875,3506.8234139931265,3461.086485739748,3506.8234139931265,2537377
2025-05-20,HDFCBANK.NS,1894.0633544921875,1913.5489438828665,1892.1840048815375,1907.1196725646596,11939545
2025-05-20,INFY.NS,1538.94677734375,1561.529065774123,1536.382876208452,1548.2163771805324,7143998
2025-05-20,RELIANCE.NS,1424.5999755859375,1445.0,1421.800048828125,1438.199951171875,11270560
2025-05-20,TCS.NS,3455.752197265625,3514.726051583229,3451.5044475075333,3488.8447556489973,2038374
2025-05-21,HDFCBANK.NS,1905.8338623046875,1925.715123012811,1900.1958135568764,1906.0316377377942,7566020
2025-05-21,INFY.NS,1546.7371826171875,1549.2024953086398,1530.564707285941,1546.145531646558,4157309
2025-05-21,RELIANCE.NS,1429.199951171875,1436.199951171875,1418.0999755859375,1423.9000244140625,6136364
2025-05-21,TCS.NS,3482.917724609375,3493.9814570703943,3455.752191652226,3465.334167770128,1440153
2025-05-22,HDFCBANK.NS,1899.0089111328125,1903.2620488621046,1884.468794602662,1894.3599810550002,10653335
2025-05-22,INFY.NS,1526.028564453125,1539.1440761948634,1518.6326263378432,1533.9175651094254,6158990
2025-05-22,RELIANCE.NS,1409.4000244140625,1423.800048828125,1396.9000244140625,1421.199951171875,12134466
2025-05-22,TCS.NS,3434.711181640625,3455.2582510362627,3409.323804689904,3452.492257645667,2034383
2025-05-23,HDFCBANK.NS,1912.559814453125,1915.9228420413544,1893.6676722189848,1899.206712559703,4783036
2025-05-23,INFY.NS,1543.088623046875,1565.1777292492216,1528.4939232420525,1528.4939232420525,5038421
2025-05-23,RELIANCE.NS,1426.800048828125,1433.800048828125,1406.5999755859375,1406.5999755859375,6474883
2025-05-23,TCS.NS,3471.853759765625,3492.005548214681,3423.4497224636393,3434.7109734490655,1274331
2025-05-26,HDFCBANK.NS,1919.087890625,1928.6824136462042,1905.932685476324,1913.9445221181825,5401430
2025-05-26,INFY.NS,1558.5706787109375,1561.8249396042181,1541.0176042515016,1544.8635161135799,3170102
2025-05-26,RELIANCE.NS,1434.800048828125,1441.0,1425.0999755859375,1432.0,4842944
2025-05-26,TCS.NS,3494.27783203125,3501.884132971573,3467.4086987656956,3478.176031648211,967470
2025-05-27,HDFCBANK.NS,1905.3392333984375,1926.8030590136404,1895.4480472638704,1910.581489604547,13081074
2025-05-27,INFY.NS,1548.3150634765625,1560.9375134619054,1534.805197163501,1557.9791380318973,7775714
2025-05-27,RELIANCE.NS,1422.0999755859375,1437.0,1413.9000244140625,1426.0999755859375,12640414
2025-05-27,TCS.NS,3456.147216796875,3496.944956186642,3440.7370955910233,3489.042255720683,2467680
2025-05-28,HDFCBANK.NS,1902.5697021484375,1913.4500071776201,1896.8327657453326,1899.305562342874,9078797
2025-05-28,INFY.NS,1549.991455078125,1565.6707476113982,1548.216381776405,1559.0637576996792,3623370
2025-05-28,RELIANCE.NS,1412.9000244140625,1422.5999755859375,1410.699951171875,1420.0999755859375,5944611
2025-05-28,TCS.NS,3455.1591796875,3486.0785417090847,3450.5163916661472,3477.1880041983504,1222933
2025-05-29,HDFCBANK.NS,1906.526123046875,1919.6814488723585,1886.5459753978732,1907.0206823524643,14458897
2025-05-29,INFY.NS,1563.5999755859375,1586.5767391705513,1554.7248494526432,1566.9528250893914,8609500
2025-05-29,RELIANCE.NS,1417.800048828125,1420.0,1408.5999755859375,1412.0999755859375,13771917
2025-05-29,TCS.NS,3455.5546875,3489.536203315723,3444.0956752612224,3462.0742707354857,3188072
2025-05-30,HDFCBANK.NS,1923.73681640625,1927.5944031490317,1904.4490034343605,1910.8782744249904,14374039
2025-05-30,INFY.NS,1562.699951171875,1572.0,1555.0999755859375,1571.0,13148092
2025-05-30,RELIANCE.NS,1420.9000244140625,1430.5999755859375,1409.699951171875,1418.0,13788484
2025-05-30,TCS.NS,3421.2763671875,3464.049779998847,3411.10183367777,3447.5529416641066,3404365
2025-06-02,HDFCBANK.NS,1911.0760498046875,1914.9336365473755,1887.2383153576409,1909.0978125768493,7334411
2025-06-02,INFY.NS,1553.800048828125,1560.0,1539.0,1560.0,4374509
2025-06-02,RELIANCE.NS,1413.699951171875,1417.5,1395.5999755859375,1412.0999755859375,8098668
2025-06-02,TCS.NS,3407.842041015625,3417.91793582919,3377.0215575741954,3408.039560292111,1877585
2025-06-03,HDFCBANK.NS,1903.65771484375,1930.7595897914816,1899.1077932375229,1916.9119287991246,12188792
2025-06-03,INFY.NS,1543.0,1567.300048828125,1535.5999755859375,1559.0,6853403
2025-06-03,RELIANCE.NS,1405.5,1426.5,1403.4000244140625,1422.300048828125,11252626
2025-06-03,TCS.NS,3363.784423828125,3431.2537776661225,3359.1416355127826,3404.0882446631517,2848125
2025-06-04,HDFCBANK.NS,1920.0770263671875,1922.154272073102,1899.9979907268444,1900.0968784409308,6480771
2025-06-04,INFY.NS,1551.199951171875,1557.300048828125,1541.4000244140625,1543.0,4548307
2025-06-04,RELIANCE.NS,1423.5,1425.699951171875,1406.0999755859375,1414.699951171875,8126827
2025-06-04,TCS.NS,3369.465087890625,3383.3182215676084,3358.6020509863906,3377.5377895527827,2544807
2025-06-05,HDFCBANK.NS,1928.3856201171875,1937.5844714975349,1919.0878810241302,1926.8030544877777,11127709
2025-06-05,INFY.NS,1554.300048828125,1567.699951171875,1541.5999755859375,1547.9000244140625,6948539
2025-06-05,RELIANCE.NS,1442.4000244140625,1454.699951171875,1423.5999755859375,1428.0,13716817
2025-06-05,TCS.NS,3359.6982421875,3397.4699581243544,3352.3231247435624,3397.4699581243544,3584683
2025-06-06,HDFCBANK.NS,1957.1689453125,1974.5775294421348,1921.560675352458,1922.8465778422667,15063504
2025-06-06,INFY.NS,1563.800048828125,1568.9000244140625,1543.0999755859375,1554.699951171875,3960020
2025-06-06,RELIANCE.NS,1443.5,1451.5,1437.0,1441.0,8182161
2025-06-06,TCS.NS,3372.75390625,3379.4311968394054,3347.3401523789876,3359.6983590738273,2070390
2025-06-09,HDFCBANK.NS,1957.366943359375,1973.291729660865,1954.3995873749227,1973.291729660865,6601294
2025-06-09,INFY.NS,1572.9000244140625,1588.0,1571.0,1578.0,2903202
2025-06-09,RELIANCE.NS,1448.800048828125,1457.5,1445.300048828125,1457.0,7885125
2025-06-09,TCS.NS,3410.326416015625,3422.3855889461993,3379.431263640164,3388.500583115049,1718678
2025-06-10,HDFCBANK.NS,1943.9149169921875,1961.2244932411922,1939.7605462472134,1961.2244932411922,7766563
2025-06-10,INFY.NS,1596.0,1607.5,1577.5,1584.0,8591925
2025-06-10,RELIANCE.NS,1438.5,1453.9000244140625,1436.0,1450.0,7913181
2025-06-10,TCS.NS,3451.187744140625,3474.0104381585516,3411.6220654345716,3428.365293437595,2419874
2025-06-11,HDFCBANK.NS,1929.177001953125,1946.1897941086554,1925.8139744594912,1946.1897941086554,5548197
2025-06-11,INFY.NS,1631.0999755859375,1634.5999755859375,1590.0999755859375,1590.0999755859375,10597410
2025-06-11,RELIANCE.NS,1448.9000244140625,1468.5999755859375,1443.0999755859375,1445.800048828125,8195700
2025-06-11,TCS.NS,3460.1572265625,3477.1994881899896,3437.4345354790357,3458.2637500771752,2847013
2025-06-12,HDFCBANK.NS,1922.253173828125,1939.6616376051934,1914.2413370562833,1928.7813326517733,8174565
2025-06-12,INFY.NS,1608.5999755859375,1628.0,1598.0999755859375,1617.0,10483574
2025-06-12,RELIANCE.NS,1441.5999755859375,1457.0,1434.4000244140625,1453.5,8828114
2025-06-12,TCS.NS,3422.584716796875,3462.9477367145046,3411.6219212636915,3460.1571582794445,4060134
2025-06-13,HDFCBANK.NS,1896.73388671875,1911.9663379777896,1892.1839651068349,1899.107795611669,6058881
2025-06-13,INFY.NS,1602.0,1609.0,1570.199951171875,1576.0,6968315
2025-06-13,RELIANCE.NS,1427.9000244140625,1435.5,1414.300048828125,1424.0,9757276
2025-06-13,TCS.NS,3434.0458984375,3438.8297125316194,3381.723464034396,3381.723464034396,2178493
2025-06-16,HDFCBANK.NS,1914.3402099609375,1917.8021251466066,1899.2066467096336,1903.0642334934973,8256873
2025-06-16,INFY.NS,1623.800048828125,1634.800048828125,1597.0999755859375,1600.0,5591842
2025-06-16,RELIANCE.NS,1437.800048828125,1442.4000244140625,1424.4000244140625,1426.9000244140625,8458093
2025-06-16,TCS.NS,3484.474853515625,3497.131850878911,3414.6118485958773,3428.365222862198,1934088
2025-06-17,HDFCBANK.NS,1908.603271484375,1920.4726949646783,1898.2175259391095,1915.9227734456326,8489368
2025-06-17,INFY.NS,1639.9000244140625,1647.4000244140625,1615.5999755859375,1620.699951171875,7622083
2025-06-17,RELIANCE.NS,1431.199951171875,1448.0,1425.800048828125,1448.0,10366599
2025-06-17,TCS.NS,3503.41064453125,3508.094699586469,3476.302688697425,3498.1285214626437,2111940
2025-06-18,HDFCBANK.NS,1912.8565673828125,1915.230476273842,1896.1404381717568,1896.1404381717568,9216908
2025-06-18,INFY.NS,1632.9000244140625,1644.699951171875,1621.0,1621.0,5629707
2025-06-18,RELIANCE.NS,1430.0999755859375,1442.800048828125,1425.699951171875,1430.0,6681735
2025-06-18,TCS.NS,3439.7265625,3526.033760927228,3431.4548294482115,3507.19778191584,2696327
2025-06-19,HDFCBANK.NS,1914.2413330078125,1925.6161972532404,1904.6468098512394,1912.8565427773563,8438110
2025-06-19,INFY.NS,1618.4000244140625,1630.0,1611.5,1623.9000244140625,5147760
2025-06-19,RELIANCE.NS,1433.300048828125,1439.9000244140625,1425.699951171875,1430.0999755859375,10007230
2025-06-19,TCS.NS,3412.41943359375,3439.3281148750093,3401.4566375162,3438.331497049777,2672768
2025-06-20,HDFCBANK.NS,1943.3212890625,1948.4647782910715,1910.5814871475898,1910.5814871475898,16450204
2025-06-20,INFY.NS,1622.9000244140625,1630.699951171875,1608.9000244140625,1619.0,9202821
2025-06-20,RELIANCE.NS,1466.199951171875,1471.0,1428.0999755859375,1431.0,29010635
2025-06-20,TCS.NS,3424.07958984375,3434.6438354271677,3399.3634207293467,3413.415828473248,2351248
2025-06-23,HDFCBANK.NS,1927.19873046875,1936.5953572959124,1920.6705717688092,1927.19873046875,5869759
2025-06-23,INFY.NS,1584.0,1601.0,1575.4000244140625,1601.0,7943676
2025-06-23,RELIANCE.NS,1456.800048828125,1463.800048828125,1442.0,1453.0,5989078
2025-06-23,TCS.NS,3382.122314453125,3413.416016519491,3358.6020366921707,3403.4498383690693,3123421
2025-06-24,HDFCBANK.NS,1939.562744140625,1957.4657671806851,1934.3203671090732,1943.6181063719282,11312661
2025-06-24,INFY.NS,1581.5999755859375,1609.0,1576.5999755859375,1601.0,8083992
2025-06-24,RELIANCE.NS,1450.800048828125,1475.0,1443.0999755859375,1465.0,16402744
2025-06-24,TCS.NS,3378.932861328125,3430.4581957754644,3370.561369209563,3422.983562342859,3403048
2025-06-25,HDFCBANK.NS,1958.6527099609375,1960.4331718345895,1942.530148349187,1944.6072733737653,9202966
2025-06-25,INFY.NS,1614.9000244140625,1619.9000244140625,1585.0999755859375,1590.0,7813533
2025-06-25,RELIANCE.NS,1467.300048828125,1472.4000244140625,1460.5,1464.0,7525851
2025-06-25,TCS.NS,3433.14892578125,3438.331289496645,3388.5004012430704,3395.775759591069,1757699
2025-06-26,HDFCBANK.NS,1999.800048828125,2005.0423050023703,1958.454842740137,1959.839632938963,25042415
2025-06-26,INFY.NS,1616.0,1624.0,1606.5999755859375,1608.800048828125,6519233
2025-06-26,RELIANCE.NS,1495.300048828125,1498.800048828125,1465.0999755859375,1469.0999755859375,14657893
2025-06-26,TCS.NS,3430.1591796875,3439.7265645422617,3403.748808087712,3433.149033076155,2879106
2025-06-27,HDFCBANK.NS,2014.9000244140625,2019.800048828125,1993.4000244140625,2013.0,14106692
2025-06-27,INFY.NS,1608.0,1629.5999755859375,1602.4000244140625,1619.0,8912268
2025-06-27,RELIANCE.NS,1515.4000244140625,1522.0,1496.9000244140625,1499.4000244140625,11117052
2025-06-27,TCS.NS,3429.461669921875,3454.675906058565,3419.395732636828,3443.3145602623845,1778433
2025-06-30,HDFCBANK.NS,2001.5,2013.800048828125,1995.5,2011.5,6824510
2025-06-30,INFY.NS,1601.800048828125,1615.0,1594.0999755859375,1615.0,6294505
2025-06-30,RELIANCE.NS,1500.5999755859375,1524.800048828125,1496.0,1513.800048828125,8409527
2025-06-30,TCS.NS,3450.290771484375,3453.180865734764,3418.399002366091,3428.2654211111044,1468351
2025-07-01,HDFCBANK.NS,2012.0999755859375,2016.0,2004.0,2005.0,7194693
2025-07-01,INFY.NS,1606.800048828125,1617.699951171875,1600.5,1609.0,4178937
2025-07-01,RELIANCE.NS,1528.4000244140625,1531.4000244140625,1500.0999755859375,1500.5999755859375,10368523
2025-07-01,TCS.NS,3418.10009765625,3473.213111911396,3401.9549375924103,3443.3145772321013,2375183
2025-07-02,HDFCBANK.NS,1986.0,2019.9000244140625,1977.9000244140625,2019.9000244140625,9439125
2025-07-02,INFY.NS,1610.5,1649.0,1603.4000244140625,1618.0,8653641
2025-07-02,RELIANCE.NS,1518.800048828125,1530.0,1508.699951171875,1528.4000244140625,6361002
2025-07-02,TCS.NS,3411.7216796875,3478.0962775498906,3408.4327923652227,3475.4054582188955,3090585
2025-07-03,HDFCBANK.NS,1987.0999755859375,2008.0,1984.300048828125,1994.9000244140625,8430253
2025-07-03,INFY.NS,1618.699951171875,1632.4000244140625,1615.0,1618.5,5259695
2025-07-03,RELIANCE.NS,1517.800048828125,1531.9000244140625,1513.0,1520.800048828125,11283291
2025-07-03,TCS.NS,3389.2978515625,3423.6811655474544,3386.1087232761492,3418.3990425621496,2531870
2025-07-04,HDFCBANK.NS,1989.300048828125,2003.5,1980.0,1987.0999755859375,3931972
2025-07-04,INFY.NS,1640.699951171875,1643.4000244140625,1612.300048828125,1625.0,4411273
2025-07-04,RELIANCE.NS,1527.300048828125,1530.0,1517.199951171875,1524.0,6603501
2025-07-04,TCS.NS,3408.233642578125,3415.409242162467,3378.6341422209043,3396.473503732036,1109320
2025-07-07,HDFCBANK.NS,1987.4000244140625,1998.4000244140625,1983.800048828125,1989.0,5674713
2025-07-07,INFY.NS,1627.0,1644.0,1623.0,1640.0,3294523
2025-07-07,RELIANCE.NS,1541.5,1544.800048828125,1525.0,1526.5999755859375,7251074
2025-07-07,TCS.NS,3400.160888671875,3414.5123309346973,3396.8720012794643,3406.738663456697,1639174
2025-07-08,HDFCBANK.NS,2001.4000244140625,2005.0,1977.0,1977.0,7612158
2025-07-08,INFY.NS,1638.699951171875,1646.199951171875,1621.5,1628.0,4590681
2025-07-08,RELIANCE.NS,1537.5999755859375,1544.9000244140625,1530.199951171875,1536.0,7171261
2025-07-08,TCS.NS,3394.679443359375,3413.415906340367,3381.922687075622,3393.483550682905,2325242
2025-07-09,HDFCBANK.NS,2011.199951171875,2013.800048828125,1998.0999755859375,2007.0,6930714
2025-07-09,INFY.NS,1633.699951171875,1638.0,1623.5999755859375,1637.800048828125,4580828
2025-07-09,RELIANCE.NS,1519.0,1551.0,1510.0999755859375,1536.699951171875,8870660
2025-07-09,TCS.NS,3372.355224609375,3402.4530322953497,3355.611997580095,3398.4665612557537,2034938
2025-07-10,HDFCBANK.NS,2006.199951171875,2017.0,2000.0,2016.0,8515155
2025-07-10,INFY.NS,1615.800048828125,1638.9000244140625,1607.0999755859375,1638.9000244140625,5330179
2025-07-10,RELIANCE.NS,1517.199951171875,1524.699951171875,1507.5,1519.699951171875,10047129
2025-07-10,TCS.NS,3370.561279296875,3387.5037812921582,3344.6492174217365,3368.5680437680185,3035012
2025-07-11,HDFCBANK.NS,1983.699951171875,2004.800048828125,1980.9000244140625,1998.0,6258461
2025-07-11,INFY.NS,1594.9000244140625,1607.0999755859375,1563.0,1579.0999755859375,11391755
2025-07-11,RELIANCE.NS,1495.199951171875,1515.0,1490.300048828125,1512.0,7234991
2025-07-11,TCS.NS,3254.95361328125,3323.7202389139525,3250.070283569519,3288.738858113972,7635550
2025-07-14,HDFCBANK.NS,1983.0,1988.699951171875,1970.5999755859375,1983.0,6544425
2025-07-14,INFY.NS,1570.300048828125,1591.800048828125,1559.800048828125,1591.800048828125,9173426
2025-07-14,RELIANCE.NS,1483.699951171875,1500.0,1479.0999755859375,1492.199951171875,10311846
2025-07-14,TCS.NS,3211.800048828125,3260.933353706794,3189.1768740408747,3254.9536470679677,3924009
2025-07-15,HDFCBANK.NS,1995.5,2003.5999755859375,1973.0,1973.0,7249084
2025-07-15,INFY.NS,1585.5999755859375,1603.5999755859375,1564.0,1565.0999755859375,7614807
2025-07-15,RELIANCE.NS,1485.4000244140625,1496.5,1482.4000244140625,1486.199951171875,8132454
2025-07-15,TCS.NS,3241.300048828125,3248.375889064686,3195.1565970327038,3195.1565970327038,2590889
2025-07-16,HDFCBANK.NS,1996.300048828125,2022.699951171875,1992.5999755859375,2018.0,8997306
2025-07-16,INFY.NS,1607.9000244140625,1612.0,1578.5,1579.0,6223491
2025-07-16,RELIANCE.NS,1485.5999755859375,1491.0,1471.5,1473.0,10409983
2025-07-16,TCS.NS,3233.10009765625,3244.89990234375,3220.60009765625,3227.0,2540733
2025-07-17,HDFCBANK.NS,1986.9000244140625,2004.800048828125,1982.699951171875,2004.0,11264579
2025-07-17,INFY.NS,1583.5,1610.0,1580.0999755859375,1598.0,7374814
2025-07-17,RELIANCE.NS,1476.4000244140625,1489.5999755859375,1473.9000244140625,1487.4000244140625,11854613
2025-07-17,TCS.NS,3209.199951171875,3242.0,3204.10009765625,3224.10009765625,2947640
2025-07-18,HDFCBANK.NS,1957.4000244140625,1997.0,1953.0,1986.9000244140625,8064723
2025-07-18,INFY.NS,1586.0999755859375,1599.300048828125,1580.0,1592.0999755859375,5161833
2025-07-18,RELIANCE.NS,1476.0,1484.800048828125,1469.0999755859375,1484.800048828125,10296318
2025-07-18,TCS.NS,3189.89990234375,3228.800048828125,3187.0,3225.0,3432645
2025-07-21,HDFCBANK.NS,2000.5,2002.0,1976.5,1978.199951171875,11154539
2025-07-21,INFY.NS,1584.300048828125,1589.0,1566.800048828125,1580.0,3682661
2025-07-21,RELIANCE.NS,1428.5999755859375,1476.0,1423.0999755859375,1465.0,22442744
2025-07-21,TCS.NS,3158.199951171875,3197.60009765625,3152.0,3190.0,3844346
2025-07-22,HDFCBANK.NS,2007.0999755859375,2018.0,2003.0,2013.0999755859375,7418407
2025-07-22,INFY.NS,1570.9000244140625,1585.800048828125,1565.0,1565.0,8473741
2025-07-22,RELIANCE.NS,1412.800048828125,1431.9000244140625,1410.699951171875,1427.4000244140625,20396320
2025-07-22,TCS.NS,3159.60009765625,3180.10009765625,3154.60009765625,3159.60009765625,3198036
2025-07-23,HDFCBANK.NS,2024.300048828125,2029.800048828125,2003.0,2011.0,6817458
2025-07-23,INFY.NS,1574.5,1591.9000244140625,1550.0,1576.300048828125,8035026
2025-07-23,RELIANCE.NS,1424.5999755859375,1426.0,1414.4000244140625,1426.0,8354596
2025-07-23,TCS.NS,3179.10009765625,3182.0,3157.60009765625,3159.60009765625,1922875
2025-07-24,HDFCBANK.NS,2014.199951171875,2037.699951171875,2008.4000244140625,2037.699951171875,9553588
2025-07-24,INFY.NS,1552.5,1582.0,1548.199951171875,1580.0,14169664
2025-07-24,RELIANCE.NS,1402.9000244140625,1423.0,1396.0,1419.199951171875,14740507
2025-07-24,TCS.NS,3148.0,3173.699951171875,3140.0,3165.10009765625,2934778
2025-07-25,HDFCBANK.NS,2004.5999755859375,2015.0,1999.0,2015.0,4653299
2025-07-25,INFY.NS,1515.699951171875,1549.5,1511.300048828125,1543.4000244140625,10851259
2025-07-25,RELIANCE.NS,1391.699951171875,1401.0,1384.0999755859375,1398.9000244140625,11854722
2025-07-25,TCS.NS,3135.800048828125,3156.89990234375,3125.60009765625,3140.0,2568917
2025-07-28,HDFCBANK.NS,2008.5,2021.4000244140625,2000.5,2003.0,6029790
2025-07-28,INFY.NS,1516.0,1519.300048828125,1482.5,1513.9000244140625,6439855
2025-07-28,RELIANCE.NS,1387.5999755859375,1407.800048828125,1385.0,1392.300048828125,7748361
2025-07-28,TCS.NS,3079.300048828125,3118.0,3069.89990234375,3110.0,3374473
2025-07-29,HDFCBANK.NS,2021.5999755859375,2026.5,1996.300048828125,1999.9000244140625,9947848
2025-07-29,INFY.NS,1513.699951171875,1517.199951171875,1496.0999755859375,1512.9000244140625,7070448
2025-07-29,RELIANCE.NS,1417.0999755859375,1420.199951171875,1383.0,1383.0,10750072
2025-07-29,TCS.NS,3056.0,3074.0,3041.199951171875,3060.0,4785312
2025-07-30,HDFCBANK.NS,2025.800048828125,2032.5999755859375,2017.0,2028.0,7577018
2025-07-30,INFY.NS,1519.0,1521.699951171875,1506.0,1519.9000244140625,5719051
2025-07-30,RELIANCE.NS,1410.0999755859375,1423.300048828125,1401.300048828125,1418.0999755859375,7209849
2025-07-30,TCS.NS,3053.60009765625,3069.0,3047.199951171875,3060.0,2880121
2025-07-31,HDFCBANK.NS,2018.199951171875,2031.4000244140625,2008.0,2014.5999755859375,11091516
2025-07-31,INFY.NS,1509.0,1527.0999755859375,1497.0,1509.699951171875,6851407
2025-07-31,RELIANCE.NS,1390.199951171875,1402.5999755859375,1382.199951171875,1388.0999755859375,17065827
2025-07-31,TCS.NS,3036.800048828125,3059.800048828125,3015.0,3041.699951171875,2968371
2025-08-01,HDFCBANK.NS,2012.199951171875,2028.300048828125,2009.300048828125,2014.0,5658629
2025-08-01,INFY.NS,1469.5999755859375,1498.699951171875,1465.5,1493.9000244140625,8702978
2025-08-01,RELIANCE.NS,1393.699951171875,1405.9000244140625,1384.300048828125,1386.9000244140625,10321171
2025-08-01,TCS.NS,3003.0,3036.800048828125,3000.0,3029.89990234375,2053847
2025-08-04,HDFCBANK.NS,1992.0,2018.5,1988.0999755859375,2010.0999755859375,6966973
2025-08-04,INFY.NS,1480.5,1482.800048828125,1451.0,1461.5,8610216
2025-08-04,RELIANCE.NS,1411.5,1416.0999755859375,1391.699951171875,1395.0999755859375,6312820
2025-08-04,TCS.NS,3074.39990234375,3079.39990234375,2991.60009765625,3009.10009765625,2519252
2025-08-05,HDFCBANK.NS,1977.5999755859375,1994.4000244140625,1965.5,1986.5,11989029
2025-08-05,INFY.NS,1460.300048828125,1478.699951171875,1455.0,1478.699951171875,10213323
2025-08-05,RELIANCE.NS,1391.699951171875,1411.0,1388.0999755859375,1411.0,9315972
2025-08-05,TCS.NS,3063.89990234375,3077.5,3042.0,3074.39990234375,1927996
2025-08-06,HDFCBANK.NS,1985.300048828125,1988.0,1970.0,1971.0999755859375,7040102
2025-08-06,INFY.NS,1436.699951171875,1456.0999755859375,1430.300048828125,1452.0,10566934
2025-08-06,RELIANCE.NS,1392.800048828125,1395.9000244140625,1383.300048828125,1391.9000244140625,5834312
2025-08-06,TCS.NS,3032.300048828125,3066.800048828125,3026.0,3063.0,1487081
2025-08-07,HDFCBANK.NS,1995.4000244140625,2001.5999755859375,1976.800048828125,1980.0999755859375,6540593
2025-08-07,INFY.NS,1436.9000244140625,1442.0,1414.199951171875,1430.0,9892020
2025-08-07,RELIANCE.NS,1389.4000244140625,1393.699951171875,1366.0,1387.699951171875,9976705
2025-08-07,TCS.NS,3047.0,3051.60009765625,3010.89990234375,3016.0,2543076
